6.12.9.3.31.98, Tester, Tester:enInitialize R
6.12.9.3.31.99, Ts, TestSite:enInitialize R
6.12.9.3.31.99, Ts, TestSiteS:enInitialize
6.12.9.3.31.99, Arm, Arm:enInitialize R
6.12.9.3.31.99, Arm, Arm:enInitialize
6.12.9.3.31.99, Manual, Manual:enInitialize R
6.12.9.3.36.81, Arm, Arm:enToInput
6.12.9.3.36.82, Arm, Arm:enTSRemainICStart
6.12.9.3.36.83, Arm, Arm:enTSRemainICContactHome
6.12.9.3.36.84, Arm, Arm:enTSRemainICDryHome
6.12.9.3.36.85, Arm, Arm:enTSRemainICTSDown
6.12.9.3.36.86, Arm, Arm:enTSRemainICTSVaccOn
6.12.9.3.36.87, Arm, Arm:enTSRemainICTSVaccEnd
6.12.9.3.36.88, Arm, Arm:enTSRemainICTSUp
6.12.9.3.36.89, Arm, Arm:enTSRemainICCheck
6.12.9.3.36.90, Arm, Arm:enTSRemainICEnd
6.12.9.3.36.91, Arm, Arm:enToInput
6.12.9.3.36.92, Arm, 2D . 1C
6.12.9.3.36.92, Arm, Arm:enRepeatToInput
6.12.9.3.36.93, Arm, Arm:enRepeatPickIC
6.12.9.3.36.94, Arm, Arm:enRepeatVacc
6.12.9.3.36.95, Arm, Arm:enRepeatVaccEnd
6.12.9.3.36.96, Arm, Arm:enRepeatInToHome
6.12.9.3.36.97, Arm, Arm:enRepeatInToHomeEnd
6.12.9.3.36.99, Arm, Arm:enRotatorInCheckSetting
6.12.9.3.37.00, Arm, Arm:enRotatorInGoToRotator
6.12.9.3.37.32, Ts, TestSiteS:enShuttleHome
6.12.9.3.37.33, Ts, TestSiteS:enShuttleHomeStandy
6.12.9.3.37.52, Arm, Arm:enRotatorInCheckReadyForInput
6.12.9.3.37.53, Arm, Arm:enRotatorInBlowDown
6.12.9.3.37.53, Ts, TestSiteS:enShuttleHomeStandy
6.12.9.3.37.54, Arm, Arm:enRotatorInBlow
6.12.9.3.37.55, Arm, Arm:enRotatorInBlowUp
6.12.9.3.37.55, Ts, TestSiteS:enShuttleHomeStandy
6.12.9.3.37.56, Arm, Arm:enRotatorInCheckJamForBlow
6.12.9.3.37.56, Ts, TestSiteS:enShuttleHomeStandy
6.12.9.3.38.08, Arm, Arm:enRotatorInTurn
6.12.9.3.38.09, Ts, TestSiteS:enShuttleHomeStandy
6.12.9.3.38.09, Arm, Arm:enRotatorInCheckJamForPick
6.12.9.3.38.10, Ts, TestSiteS:enShuttleHomeStandy
6.12.9.3.38.10, Arm, Arm:enRotatorInPickDown
6.12.9.3.38.11, Ts, TestSiteS:enShuttleHomeStandy
6.12.9.3.38.11, Arm, Arm:enRotatorInPick
6.12.9.3.38.12, Ts, TestSiteS:enShuttleHomeStandy
6.12.9.3.38.12, Arm, Arm:enRotatorInPickUp
6.12.9.3.38.13, Ts, TestSiteS:enShuttleHomeStandy
6.12.9.3.38.13, Arm, Arm:enRotatorInEnd
6.12.9.3.38.14, Ts, TestSiteS:enShuttleHomeStandy
6.12.9.3.38.14, Arm, Arm:enToShuttle
6.12.9.3.38.15, Ts, TestSiteS:enShuttleHomeStandy
6.12.9.3.38.15, Arm, Arm:enShuttlePlaceIC
6.12.9.3.38.16, Ts, TestSiteS:enShuttleHomeStandy
6.12.9.3.38.16, Arm, Arm:enShuttleBlow
6.12.9.3.38.17, Arm, Arm:enShuttleUp
6.12.9.3.38.17, Ts, TestSiteS:enShuttleHomeStandy
6.12.9.3.38.18, Arm, Arm:enShuttleCheckJam
6.12.9.3.38.19, Arm, Arm:enShuttleCheckJamOK
6.12.9.3.38.19, Ts, TestSiteS:enShuttleHomeStandy
6.12.9.3.38.21, Arm, Arm:enToStandy
6.12.9.3.38.22, Arm, Arm:enToStandyEnd
6.12.9.3.38.23, Arm, Arm:enToStandyWait
6.12.9.3.38.72, Ts, TestSiteS:enShuttleInput
6.12.9.3.38.72, Arm, Arm:enToStandyWait
6.12.9.3.38.73, Ts, TestSiteS:enShuttleInputJam
6.12.9.3.38.74, Ts, TestSiteS:enShutlleInputEnd
6.12.9.3.38.74, Arm, Arm:enToStandyWait
6.12.9.3.38.75, Ts, TestSiteS:enTestSitePickForVacc
6.12.9.3.38.76, Arm, Arm:enToStandyWait
6.12.9.3.38.76, Ts, TestSiteS:enTestSiteVaccForUp
6.12.9.3.38.77, Arm, Arm:enToStandyWait
6.12.9.3.38.77, Ts, TestSiteS:enTestSiteUpForContact
6.12.9.3.38.78, Arm, Arm:enToStandyWait
6.12.9.3.39.29, Ts, TestSiteS:enShuttleHomeForContact
6.12.9.3.39.30, Ts, TestSiteS:enTestSiteDownForContact
6.12.9.3.39.30, Arm, Arm:enToStandyWait
6.12.9.3.39.31, Ts, TestSiteS:enTestSiteContact
6.12.9.3.39.32, Ts, TestSiteS:enTestStteContactEnd
6.12.9.3.39.32, Arm, Arm:enToStandyWait
6.12.9.3.39.33, Ts, TestSiteS:enTestSiteTestStart
6.12.9.3.39.33, Arm, Arm:enToStandyWait
6.12.9.3.39.34, Ts, TestSiteS:enTestSiteTesting
6.12.9.3.39.35, Arm, Arm:enToStandyWait
6.12.9.3.39.35, Ts, TestSiteS:enTestSiteTesting
6.12.9.3.39.36, Arm, Arm:enToStandyWait
6.12.9.3.39.37, Ts, TestSiteS:enTestSiteTesting
6.12.9.3.39.37, Arm, Arm:enToStandyWait
6.12.9.3.39.38, Ts, TestSiteS:enTestSiteTesting
6.12.9.3.39.39, Tester, Arm:enTestStart
6.12.9.3.39.39, Arm, Arm:enToStandyWait
6.12.9.3.39.40, Ts, TestSiteS:enTestSiteTesting
6.12.9.3.39.41, Tester, Arm:enFTTestStart
6.12.9.3.39.41, Arm, Arm:enToStandyWait
6.12.9.3.39.42, Ts, TestSiteS:enTestSiteTesting
6.12.9.3.39.42, Arm, Arm:enToStandyWait
6.12.9.3.39.43, Ts, TestSiteS:enTestSiteTesting
6.12.9.3.39.44, Arm, Arm:enToStandyWait
6.12.9.3.39.44, Ts, TestSiteS:enTestSiteTesting
6.12.9.3.39.45, Arm, Arm:enToStandyWait
6.12.9.3.39.46, Ts, TestSiteS:enTestSiteTesting
6.12.9.3.39.47, Arm, Arm:enToStandyWait
6.12.9.3.39.47, Ts, TestSiteS:enTestSiteTesting
6.12.9.3.39.48, Arm, Arm:enToStandyWait
6.12.9.3.39.48, Ts, TestSiteS:enTestSiteTesting
6.12.9.3.39.49, Arm, Arm:enToStandyWait
6.12.9.3.39.49, Ts, TestSiteS:enTestSiteTesting
6.12.9.3.39.50, Arm, Arm:enToStandyWait
6.12.9.3.39.50, Ts, TestSiteS:enTestSiteTesting
6.12.9.3.39.51, Arm, Arm:enToStandyWait
6.12.9.3.39.51, Ts, TestSiteS:enTestSiteTesting
6.12.9.3.39.52, Arm, Arm:enToStandyWait
6.12.9.3.39.53, Ts, TestSiteS:enTestSiteTesting
6.12.9.3.39.54, Arm, Arm:enToStandyWait
6.12.9.3.39.54, Ts, TestSiteS:enTestSiteTesting
6.12.9.3.39.55, Arm, Arm:enToStandyWait
6.12.9.3.39.55, Ts, TestSiteS:enTestSiteTesting
6.12.9.3.39.56, Arm, Arm:enToStandyWait
6.12.9.3.39.57, Ts, TestSiteS:enTestSiteTesting
6.12.9.3.39.57, Arm, Arm:enToStandyWait
6.12.9.3.39.58, Ts, TestSiteS:enTestSiteTesting
6.12.9.3.39.58, Arm, Arm:enToStandyWait
6.12.9.3.39.59, Ts, TestSiteS:enTestSiteTesting
6.12.9.3.39.59, Arm, Arm:enToStandyWait
6.12.9.3.39.60, Ts, TestSiteS:enTestSiteTesting
6.12.9.3.39.60, Arm, Arm:enToStandyWait
6.12.9.3.39.61, Ts, TestSiteS:enTestSiteTesting
6.12.9.3.39.62, Arm, Arm:enToStandyWait
6.12.9.3.39.63, Ts, TestSiteS:enTestSiteTesting
6.12.9.3.39.64, Arm, Arm:enToStandyWait
6.12.9.3.39.65, Ts, TestSiteS:enTestSiteTesting
6.12.9.3.39.65, Arm, Arm:enToStandyWait
6.12.9.3.39.66, Ts, TestSiteS:enTestSiteTesting
6.12.9.3.39.66, Arm, Arm:enToStandyWait
6.12.9.3.39.67, Ts, TestSiteS:enTestSiteTesting
6.12.9.3.39.67, Arm, Arm:enToStandyWait
6.12.9.3.39.68, Ts, TestSiteS:enTestSiteTesting
6.12.9.3.39.69, Arm, Arm:enToStandyWait
6.12.9.3.39.69, Ts, TestSiteS:enTestSiteTesting
6.12.9.3.39.70, Arm, Arm:enToStandyWait
6.12.9.3.39.71, Ts, TestSiteS:enTestSiteTesting
6.12.9.3.39.72, Arm, Arm:enToStandyWait
6.12.9.3.39.72, Ts, TestSiteS:enTestSiteTesting
6.12.9.3.39.73, Arm, Arm:enToStandyWait
6.12.9.3.39.74, Ts, TestSiteS:enTestSiteTesting
6.12.9.3.39.75, Arm, Arm:enToStandyWait
6.12.9.3.39.75, Ts, TestSiteS:enTestSiteTesting
6.12.9.3.39.76, Arm, Arm:enToStandyWait
6.12.9.3.39.76, Ts, TestSiteS:enTestSiteTesting
6.12.9.3.39.77, Arm, Arm:enToStandyWait
6.12.9.3.39.78, Ts, TestSiteS:enTestSiteTesting
6.12.9.3.39.78, Arm, Arm:enToStandyWait
6.12.9.3.39.79, Ts, TestSiteS:enTestSiteTesting
6.12.9.3.39.79, Arm, Arm:enToStandyWait
6.12.9.3.39.80, Ts, TestSiteS:enTestSiteTesting
6.12.9.3.39.81, Arm, Arm:enToStandyWait
6.12.9.3.39.81, Ts, TestSiteS:enTestSiteTesting
6.12.9.3.39.82, Arm, Arm:enToStandyWait
6.12.9.3.39.82, Ts, TestSiteS:enTestSiteTesting
6.12.9.3.39.83, Arm, Arm:enToStandyWait
6.12.9.3.39.83, Ts, TestSiteS:enTestSiteTesting
6.12.9.3.39.84, Arm, Arm:enToStandyWait
6.12.9.3.39.84, Ts, TestSiteS:enTestSiteTesting
6.12.9.3.39.85, Arm, Arm:enToStandyWait
6.12.9.3.39.85, Ts, TestSiteS:enTestSiteTesting
6.12.9.3.39.86, Arm, Arm:enToStandyWait
6.12.9.3.39.86, Ts, TestSiteS:enTestSiteTesting
6.12.9.3.39.87, Arm, Arm:enToStandyWait
6.12.9.3.39.87, Ts, TestSiteS:enTestSiteTesting
6.12.9.3.39.88, Arm, Arm:enToStandyWait
6.12.9.3.39.88, Ts, TestSiteS:enTestSiteTesting
6.12.9.3.39.89, Arm, Arm:enToStandyWait
6.12.9.3.39.89, Ts, TestSiteS:enTestSiteTesting
6.12.9.3.39.90, Arm, Arm:enToStandyWait
6.12.9.3.39.90, Ts, TestSiteS:enTestSiteTesting
6.12.9.3.39.91, Arm, Arm:enToStandyWait
6.12.9.3.39.91, Ts, TestSiteS:enTestSiteTesting
6.12.9.3.39.92, Arm, Arm:enToStandyWait
6.12.9.3.39.92, Ts, TestSiteS:enTestSiteTesting
6.12.9.3.39.93, Arm, Arm:enToStandyWait
6.12.9.3.39.93, Ts, TestSiteS:enTestSiteTesting
6.12.9.3.39.94, Arm, Arm:enToStandyWait
6.12.9.3.39.94, Ts, TestSiteS:enTestSiteTesting
6.12.9.3.39.95, Arm, Arm:enToStandyWait
6.12.9.3.39.95, Ts, TestSiteS:enTestSiteTesting
6.12.9.3.39.96, Arm, Arm:enToStandyWait
6.12.9.3.39.96, Ts, TestSiteS:enTestSiteTesting
6.12.9.3.39.97, Arm, Arm:enToStandyWait
6.12.9.3.39.97, Ts, TestSiteS:enTestSiteTesting
6.12.9.3.39.98, Arm, Arm:enToStandyWait
6.12.9.3.39.98, Ts, TestSiteS:enTestSiteTesting
6.12.9.3.39.99, Arm, Arm:enToStandyWait
6.12.9.3.39.99, Ts, TestSiteS:enTestSiteTesting
6.12.9.3.40.00, Arm, Arm:enToStandyWait
6.12.9.3.40.00, Ts, TestSiteS:enTestSiteTesting
6.12.9.3.40.01, Arm, Arm:enToStandyWait
6.12.9.3.40.01, Ts, TestSiteS:enTestSiteTesting
6.12.9.3.40.02, Arm, Arm:enToStandyWait
6.12.9.3.40.02, Ts, TestSiteS:enTestSiteTesting
6.12.9.3.40.03, Arm, Arm:enToStandyWait
6.12.9.3.40.03, Ts, TestSiteS:enTestSiteTesting
6.12.9.3.40.04, Arm, Arm:enToStandyWait
6.12.9.3.40.04, Ts, TestSiteS:enTestSiteTesting
6.12.9.3.40.05, Arm, Arm:enToStandyWait
6.12.9.3.40.05, Ts, TestSiteS:enTestSiteTesting
6.12.9.3.40.06, Arm, Arm:enToStandyWait
6.12.9.3.40.06, Ts, TestSiteS:enTestSiteTesting
6.12.9.3.40.07, Arm, Arm:enToStandyWait
6.12.9.3.40.07, Ts, TestSiteS:enTestSiteTesting
6.12.9.3.40.08, Arm, Arm:enToStandyWait
6.12.9.3.40.08, Ts, TestSiteS:enTestSiteTesting
6.12.9.3.40.09, Arm, Arm:enToStandyWait
6.12.9.3.40.10, Ts, TestSiteS:enTestSiteTesting
6.12.9.3.40.11, Arm, Arm:enToStandyWait
6.12.9.3.40.11, Ts, TestSiteS:enTestSiteTesting
6.12.9.3.40.12, Arm, Arm:enToStandyWait
6.12.9.3.40.12, Ts, TestSiteS:enTestSiteTesting
6.12.9.3.40.13, Arm, Arm:enToStandyWait
6.12.9.3.40.14, Ts, TestSiteS:enTestSiteTesting
6.12.9.3.40.15, Arm, Arm:enToStandyWait
6.12.9.3.40.15, Ts, TestSiteS:enTestSiteTesting
6.12.9.3.40.16, Arm, Arm:enToStandyWait
6.12.9.3.40.17, Ts, TestSiteS:enTestSiteTesting
6.12.9.3.40.18, Arm, Arm:enToStandyWait
6.12.9.3.40.19, Ts, TestSiteS:enTestSiteTesting
6.12.9.3.40.20, Arm, Arm:enToStandyWait
6.12.9.3.40.20, Ts, TestSiteS:enTestSiteTesting
6.12.9.3.40.21, Arm, Arm:enToStandyWait
6.12.9.3.40.22, Ts, TestSiteS:enTestSiteTesting
6.12.9.3.40.23, Arm, Arm:enToStandyWait
6.12.9.3.40.24, Ts, TestSiteS:enTestSiteTesting
6.12.9.3.40.25, Arm, Arm:enToStandyWait
6.12.9.3.40.25, Ts, TestSiteS:enTestSiteTesting
6.12.9.3.40.26, Arm, Arm:enToStandyWait
6.12.9.3.40.26, Ts, TestSiteS:enTestSiteTesting
6.12.9.3.40.27, Arm, Arm:enToStandyWait
6.12.9.3.40.27, Ts, TestSiteS:enTestSiteTesting
6.12.9.3.40.28, Arm, Arm:enToStandyWait
6.12.9.3.40.28, Ts, TestSiteS:enTestSiteTesting
6.12.9.3.40.29, Arm, Arm:enToStandyWait
6.12.9.3.40.29, Ts, TestSiteS:enTestSiteTesting
6.12.9.3.40.30, Arm, Arm:enToStandyWait
6.12.9.3.40.30, Ts, TestSiteS:enTestSiteTesting
6.12.9.3.40.31, Arm, Arm:enToStandyWait
6.12.9.3.40.31, Ts, TestSiteS:enTestSiteTesting
6.12.9.3.40.32, Arm, Arm:enToStandyWait
6.12.9.3.40.32, Ts, TestSiteS:enTestSiteTesting
6.12.9.3.40.33, Arm, Arm:enToStandyWait
6.12.9.3.40.33, Ts, TestSiteS:enTestSiteTesting
6.12.9.3.40.34, Arm, Arm:enToStandyWait
6.12.9.3.40.34, Ts, TestSiteS:enTestSiteTesting
6.12.9.3.40.35, Arm, Arm:enToStandyWait
6.12.9.3.40.36, Ts, TestSiteS:enTestSiteTesting
6.12.9.3.40.37, Arm, Arm:enToStandyWait
6.12.9.3.40.38, Ts, TestSiteS:enTestSiteTesting
6.12.9.3.40.38, Arm, Arm:enToStandyWait
6.12.9.3.40.39, Ts, TestSiteS:enTestSiteTesting
6.12.9.3.40.39, Arm, Arm:enToStandyWait
6.12.9.3.40.40, Ts, TestSiteS:enTestSiteTesting
6.12.9.3.40.40, Arm, Arm:enToStandyWait
6.12.9.3.40.41, Ts, TestSiteS:enTestSiteTesting
6.12.9.3.40.41, Arm, Arm:enToStandyWait
6.12.9.3.40.42, Ts, TestSiteS:enTestSiteTesting
6.12.9.3.40.43, Arm, Arm:enToStandyWait
6.12.9.3.40.43, Ts, TestSiteS:enTestSiteTesting
6.12.9.3.40.44, Arm, Arm:enToStandyWait
6.12.9.3.40.45, Ts, TestSiteS:enTestSiteTesting
6.12.9.3.40.45, Arm, Arm:enToStandyWait
6.12.9.3.40.46, Ts, TestSiteS:enTestSiteTesting
6.12.9.3.40.46, Arm, Arm:enToStandyWait
6.12.9.3.40.47, Ts, TestSiteS:enTestSiteTesting
6.12.9.3.40.47, Arm, Arm:enToStandyWait
6.12.9.3.40.48, Ts, TestSiteS:enTestSiteTesting
6.12.9.3.40.49, Arm, Arm:enToStandyWait
6.12.9.3.40.49, Ts, TestSiteS:enTestSiteTesting
6.12.9.3.40.50, Arm, Arm:enToStandyWait
6.12.9.3.40.51, Ts, TestSiteS:enTestSiteTesting
6.12.9.3.40.52, Arm, Arm:enToStandyWait
6.12.9.3.40.53, Ts, TestSiteS:enTestSiteTesting
6.12.9.3.40.53, Arm, Arm:enToStandyWait
6.12.9.3.40.54, Ts, TestSiteS:enTestSiteTesting
6.12.9.3.40.55, Arm, Arm:enToStandyWait
6.12.9.3.40.55, Ts, TestSiteS:enTestSiteTesting
6.12.9.3.40.56, Arm, Arm:enToStandyWait
6.12.9.3.40.57, Ts, TestSiteS:enTestSiteTesting
6.12.9.3.40.58, Arm, Arm:enToStandyWait
6.12.9.3.40.59, Ts, TestSiteS:enTestSiteTesting
6.12.9.3.40.59, Arm, Arm:enToStandyWait
6.12.9.3.40.60, Ts, TestSiteS:enTestSiteTesting
6.12.9.3.40.60, Arm, Arm:enToStandyWait
6.12.9.3.40.61, Tester, Arm:enFTTesting
6.12.9.3.40.61, Ts, TestSiteS:enTestSiteTesting
6.12.9.3.40.61, Arm, Arm:enToStandyWait
6.12.9.3.40.62, Ts, TestSiteS:enTestSiteTesting
6.12.9.3.40.62, Arm, Arm:enToStandyWait
6.12.9.3.40.62, Tester, Arm:enFTTestEnd
6.12.9.3.40.63, Arm, Arm:enToStandyWait
6.12.9.3.40.63, Ts, TestSiteS:enTestSiteTesting
6.12.9.3.40.64, Arm, Arm:enToStandyWait
6.12.9.3.40.64, Ts, TestSiteS:enTestSiteTestEnd
6.12.9.3.40.65, Arm, Arm:enToStandyWait
6.12.9.3.40.65, Ts, TestSiteS:enTestSiteYield
6.12.9.3.40.66, Arm, Arm:enToStandyWait
6.12.9.3.40.66, Ts, TestSiteS:enTestSiteVaccStart
6.12.9.3.40.67, Arm, Arm:enToStandyWait
6.12.9.3.40.67, Ts, TestSiteS:enTestSiteVacc
6.12.9.3.40.68, Arm, Arm:enToStandyWait
6.12.9.3.40.68, Ts, TestSiteS:enTestSiteVaccEnd
6.12.9.3.40.69, Ts, TestSiteS:enTestSiteUpForPlace
6.12.9.3.40.69, Arm, Arm:enToStandyWait
6.12.9.3.41.20, Ts, TestSiteS:enShuttleOutput
6.12.9.3.41.21, Arm, Arm:enToStandyWait
6.12.9.3.41.21, Ts, TestSiteS:enTestSitePlace
6.12.9.3.41.22, Ts, TestSiteS:enTestSitePlaceBlow
6.12.9.3.41.22, Arm, Arm:enToStandyWait
6.12.9.3.41.23, Ts, TestSiteS:enTestSiteUpForOut
6.12.9.3.41.24, Arm, Arm:enToStandyWait
6.12.9.3.41.75, Ts, TestSiteS:enShuttleHomeForOutput
6.12.9.3.41.76, Arm, Arm:enToStandyWait
6.12.9.3.41.77, Arm, Arm:enToShuttleOutput
6.12.9.3.41.78, Arm, Arm:enToShuttlePick
6.12.9.3.41.79, Arm, Arm:enToShuttlePickVaccStart
6.12.9.3.41.80, Arm, Arm:enToShuttlePickVacc
6.12.9.3.41.81, Arm, Arm:enToShuttlePickVaccEnd
6.12.9.3.41.82, Arm, Arm:enToShuttleUpForOutput
6.12.9.3.41.83, Arm, Arm:enRotatorOutCheckSetting
6.12.9.3.41.84, Arm, Arm:enRotatorOutGotoRotator
6.12.9.3.42.27, Ts, TestSiteS:enShuttleHome
6.12.9.3.42.28, Ts, TestSiteS:enShuttleHomeStandy
6.12.9.3.42.36, Arm, Arm:enRotatorOutCheckReadyForOutput
6.12.9.3.42.36, Ts, TestSiteS:enShuttleHomeStandy
6.12.9.3.42.37, Arm, Arm:enRotatorOutRamin
6.12.9.3.42.38, Arm, Arm:enRotatorOutBlowDown
6.12.9.3.42.38, Ts, TestSiteS:enShuttleHomeStandy
6.12.9.3.42.39, Arm, Arm:enRotatorOutBlow
6.12.9.3.42.40, Arm, Arm:enRotatorOutBlowUp
6.12.9.3.42.40, Ts, TestSiteS:enShuttleHomeStandy
6.12.9.3.42.41, Arm, Arm:enRotatorOutCheckJamForBlow
6.12.9.3.42.41, Ts, TestSiteS:enShuttleHomeStandy
6.12.9.3.42.94, Arm, Arm:enRotatorOutTurn
6.12.9.3.42.94, Ts, TestSiteS:enShuttleHomeStandy
6.12.9.3.42.95, Arm, Arm:enRotatorOutCheckJamForPick
6.12.9.3.42.95, Ts, TestSiteS:enShuttleHomeStandy
6.12.9.3.42.96, Arm, Arm:enRotatorOutPickDown
6.12.9.3.42.97, Arm, Arm:enRotatorOutPick
6.12.9.3.42.97, Ts, TestSiteS:enShuttleHomeStandy
6.12.9.3.42.98, Arm, Arm:enRotatorOutPickUp
6.12.9.3.42.98, Ts, TestSiteS:enShuttleHomeStandy
6.12.9.3.42.99, Arm, Arm:enRotatorOutPickEnd
6.12.9.3.42.99, Ts, TestSiteS:enShuttleHomeStandy
6.12.9.3.43.00, Arm, 2D . 1C
6.12.9.3.43.00, Arm, Arm:enRepeatToOutput
6.12.9.3.43.01, Arm, Arm:enRepeatPlacIC
6.12.9.3.43.01, Ts, TestSiteS:enShuttleHomeStandy
6.12.9.3.43.02, Arm, Arm:enRepeatBlow
6.12.9.3.43.02, Ts, TestSiteS:enShuttleHomeStandy
6.12.9.3.43.03, Arm, Arm:enRepeatBlowEnd
6.12.9.3.43.03, Ts, TestSiteS:enShuttleHomeStandy
6.12.9.3.43.04, Arm, Arm:enRepeatOutToHome
6.12.9.3.43.04, Ts, TestSiteS:enShuttleHomeStandy
6.12.9.3.43.05, Arm, Arm:enRepeatOutToHomeEnd
6.12.9.3.43.05, Ts, TestSiteS:enShuttleHomeStandy
6.12.9.3.43.05, Arm, Tray Map 2D . 1C
6.12.9.3.43.06, Ts, TestSiteS:enShuttleHomeStandy
6.12.9.3.43.11, Arm, Arm:enRepeatOutToHomeEndEnd
6.12.9.3.43.11, Ts, TestSiteS:enShuttleHomeStandy
6.12.9.3.43.12, Arm, Arm:enToInput
6.12.9.3.43.13, Ts, TestSiteS:enShuttleHomeStandy
6.12.9.3.43.13, Arm, 0D . 0C
6.12.9.3.43.13, Arm, Arm:enRepeatToInput
6.12.9.3.43.14, Arm, Arm:enRepeatPickIC
6.12.9.3.43.14, Ts, TestSiteS:enShuttleHomeStandy
6.12.9.3.43.15, Arm, Arm:enRepeatVacc
6.12.9.3.43.15, Ts, TestSiteS:enShuttleHomeStandy
6.12.9.3.43.16, Arm, Arm:enRepeatVaccEnd
6.12.9.3.43.16, Ts, TestSiteS:enShuttleHomeStandy
6.12.9.3.43.17, Arm, Arm:enRepeatInToHome
6.12.9.3.43.17, Ts, TestSiteS:enShuttleHomeStandy
6.12.9.3.43.18, Arm, Arm:enRepeatInToHomeEnd
6.12.9.3.43.18, Ts, TestSiteS:enShuttleHomeStandy
6.12.9.3.43.19, Arm, Arm:enRepeatInToHomeEnd
6.12.9.3.43.19, Ts, TestSiteS:enShuttleHomeStandy
6.12.9.3.43.20, Arm, Arm:enRotatorInCheckSetting
6.12.9.3.43.20, Ts, TestSiteS:enShuttleHomeStandy
6.12.9.3.43.21, Arm, Arm:enRotatorInGoToRotator
6.12.9.3.43.21, Ts, TestSiteS:enShuttleHomeStandy
6.12.9.3.43.73, Arm, Arm:enRotatorInCheckReadyForInput
6.12.9.3.43.73, Ts, TestSiteS:enShuttleHomeStandy
6.12.9.3.43.74, Arm, Arm:enRotatorInBlowDown
6.12.9.3.43.74, Ts, TestSiteS:enShuttleHomeStandy
6.12.9.3.43.75, Arm, Arm:enRotatorInBlow
6.12.9.3.43.75, Ts, TestSiteS:enShuttleHomeStandy
6.12.9.3.43.76, Arm, Arm:enRotatorInBlowUp
6.12.9.3.43.77, Ts, TestSiteS:enShuttleHomeStandy
6.12.9.3.43.77, Arm, Arm:enRotatorInCheckJamForBlow
6.12.9.3.43.78, Ts, TestSiteS:enShuttleHomeStandy
6.12.9.3.44.29, Arm, Arm:enRotatorInTurn
6.12.9.3.44.29, Ts, TestSiteS:enShuttleHomeStandy
6.12.9.3.44.30, Arm, Arm:enRotatorInCheckJamForPick
6.12.9.3.44.30, Ts, TestSiteS:enShuttleHomeStandy
6.12.9.3.44.31, Arm, Arm:enRotatorInPickDown
6.12.9.3.44.31, Ts, TestSiteS:enShuttleHomeStandy
6.12.9.3.44.32, Arm, Arm:enRotatorInPick
6.12.9.3.44.32, Ts, TestSiteS:enShuttleHomeStandy
6.12.9.3.44.33, Arm, Arm:enRotatorInPickUp
6.12.9.3.44.33, Ts, TestSiteS:enShuttleHomeStandy
6.12.9.3.44.34, Arm, Arm:enRotatorInEnd
6.12.9.3.44.34, Ts, TestSiteS:enShuttleHomeStandy
6.12.9.3.44.35, Arm, Arm:enToShuttle
6.12.9.3.44.35, Ts, TestSiteS:enShuttleHomeStandy
6.12.9.3.44.36, Arm, Arm:enShuttlePlaceIC
6.12.9.3.44.36, Ts, TestSiteS:enShuttleHomeStandy
6.12.9.3.44.37, Arm, Arm:enShuttleBlow
6.12.9.3.44.37, Ts, TestSiteS:enShuttleHomeStandy
6.12.9.3.44.38, Arm, Arm:enShuttleUp
6.12.9.3.44.38, Ts, TestSiteS:enShuttleHomeStandy
6.12.9.3.44.39, Arm, Arm:enShuttleCheckJam
6.12.9.3.44.40, Ts, TestSiteS:enShuttleHomeStandy
6.12.9.3.44.40, Arm, Arm:enShuttleCheckJamOK
6.12.9.3.44.41, Ts, TestSiteS:enShuttleHomeStandy
6.12.9.3.44.42, Arm, Arm:enToStandy
6.12.9.3.44.43, Arm, Arm:enToStandyEnd
6.12.9.3.44.44, Arm, Arm:enToStandyWait
6.12.9.3.44.93, Ts, TestSiteS:enShuttleInput
6.12.9.3.44.94, Arm, Arm:enToStandyWait
6.12.9.3.44.94, Ts, TestSiteS:enShuttleInputJam
6.12.9.3.44.95, Arm, Arm:enToStandyWait
6.12.9.3.44.95, Ts, TestSiteS:enShutlleInputEnd
6.12.9.3.44.96, Ts, TestSiteS:enTestSitePickForVacc
6.12.9.3.44.96, Arm, Arm:enToStandyWait
6.12.9.3.44.97, Ts, TestSiteS:enTestSiteVaccForUp
6.12.9.3.44.98, Arm, Arm:enToStandyWait
6.12.9.3.44.98, Ts, TestSiteS:enTestSiteUpForContact
6.12.9.3.44.99, Arm, Arm:enToStandyWait
6.12.9.3.45.49, Ts, TestSiteS:enShuttleHomeForContact
6.12.9.3.45.50, Ts, TestSiteS:enTestSiteDownForContact
6.12.9.3.45.50, Arm, Arm:enToStandyWait
6.12.9.3.45.51, Ts, TestSiteS:enTestSiteContact
6.12.9.3.45.52, Arm, Arm:enToStandyWait
6.12.9.3.45.52, Ts, TestSiteS:enTestStteContactEnd
6.12.9.3.45.53, Arm, Arm:enToStandyWait
6.12.9.3.45.53, Ts, TestSiteS:enTestSiteTestStart
6.12.9.3.45.54, Arm, Arm:enToStandyWait
6.12.9.3.45.54, Ts, TestSiteS:enTestSiteTesting
6.12.9.3.45.55, Arm, Arm:enToStandyWait
6.12.9.3.45.55, Tester, Arm:enTestStart
6.12.9.3.45.56, Arm, Arm:enToStandyWait
6.12.9.3.45.56, Ts, TestSiteS:enTestSiteTesting
6.12.9.3.45.56, Tester, Arm:enFTTestStart
6.12.9.3.45.57, Arm, Arm:enToStandyWait
6.12.9.3.45.57, Ts, TestSiteS:enTestSiteTesting
6.12.9.3.45.58, Arm, Arm:enToStandyWait
6.12.9.3.45.58, Ts, TestSiteS:enTestSiteTesting
6.12.9.3.45.59, Arm, Arm:enToStandyWait
6.12.9.3.45.60, Ts, TestSiteS:enTestSiteTesting
6.12.9.3.45.61, Arm, Arm:enToStandyWait
6.12.9.3.45.61, Ts, TestSiteS:enTestSiteTesting
6.12.9.3.45.62, Arm, Arm:enToStandyWait
6.12.9.3.45.62, Ts, TestSiteS:enTestSiteTesting
6.12.9.3.45.63, Arm, Arm:enToStandyWait
6.12.9.3.45.63, Ts, TestSiteS:enTestSiteTesting
6.12.9.3.45.64, Arm, Arm:enToStandyWait
6.12.9.3.45.64, Ts, TestSiteS:enTestSiteTesting
6.12.9.3.45.65, Arm, Arm:enToStandyWait
6.12.9.3.45.65, Ts, TestSiteS:enTestSiteTesting
6.12.9.3.45.66, Arm, Arm:enToStandyWait
6.12.9.3.45.67, Ts, TestSiteS:enTestSiteTesting
6.12.9.3.45.67, Arm, Arm:enToStandyWait
6.12.9.3.45.68, Ts, TestSiteS:enTestSiteTesting
6.12.9.3.45.69, Arm, Arm:enToStandyWait
6.12.9.3.45.69, Ts, TestSiteS:enTestSiteTesting
6.12.9.3.45.70, Arm, Arm:enToStandyWait
6.12.9.3.45.70, Ts, TestSiteS:enTestSiteTesting
6.12.9.3.45.71, Arm, Arm:enToStandyWait
6.12.9.3.45.72, Ts, TestSiteS:enTestSiteTesting
6.12.9.3.45.72, Arm, Arm:enToStandyWait
6.12.9.3.45.73, Ts, TestSiteS:enTestSiteTesting
6.12.9.3.45.74, Arm, Arm:enToStandyWait
6.12.9.3.45.74, Ts, TestSiteS:enTestSiteTesting
6.12.9.3.45.75, Arm, Arm:enToStandyWait
6.12.9.3.45.75, Ts, TestSiteS:enTestSiteTesting
6.12.9.3.45.76, Arm, Arm:enToStandyWait
6.12.9.3.45.76, Ts, TestSiteS:enTestSiteTesting
6.12.9.3.45.77, Arm, Arm:enToStandyWait
6.12.9.3.45.77, Ts, TestSiteS:enTestSiteTesting
6.12.9.3.45.78, Arm, Arm:enToStandyWait
6.12.9.3.45.78, Ts, TestSiteS:enTestSiteTesting
6.12.9.3.45.79, Arm, Arm:enToStandyWait
6.12.9.3.45.79, Ts, TestSiteS:enTestSiteTesting
6.12.9.3.45.80, Arm, Arm:enToStandyWait
6.12.9.3.45.80, Ts, TestSiteS:enTestSiteTesting
6.12.9.3.45.81, Arm, Arm:enToStandyWait
6.12.9.3.45.81, Ts, TestSiteS:enTestSiteTesting
6.12.9.3.45.82, Arm, Arm:enToStandyWait
6.12.9.3.45.82, Ts, TestSiteS:enTestSiteTesting
6.12.9.3.45.83, Arm, Arm:enToStandyWait
6.12.9.3.45.83, Ts, TestSiteS:enTestSiteTesting
6.12.9.3.45.84, Arm, Arm:enToStandyWait
6.12.9.3.45.85, Ts, TestSiteS:enTestSiteTesting
6.12.9.3.45.86, Arm, Arm:enToStandyWait
6.12.9.3.45.86, Ts, TestSiteS:enTestSiteTesting
6.12.9.3.45.87, Arm, Arm:enToStandyWait
6.12.9.3.45.87, Ts, TestSiteS:enTestSiteTesting
6.12.9.3.45.88, Arm, Arm:enToStandyWait
6.12.9.3.45.88, Ts, TestSiteS:enTestSiteTesting
6.12.9.3.45.89, Arm, Arm:enToStandyWait
6.12.9.3.45.89, Ts, TestSiteS:enTestSiteTesting
6.12.9.3.45.90, Arm, Arm:enToStandyWait
6.12.9.3.45.91, Ts, TestSiteS:enTestSiteTesting
6.12.9.3.45.92, Arm, Arm:enToStandyWait
6.12.9.3.45.92, Ts, TestSiteS:enTestSiteTesting
6.12.9.3.45.93, Arm, Arm:enToStandyWait
6.12.9.3.45.93, Ts, TestSiteS:enTestSiteTesting
6.12.9.3.45.94, Arm, Arm:enToStandyWait
6.12.9.3.45.94, Ts, TestSiteS:enTestSiteTesting
6.12.9.3.45.95, Arm, Arm:enToStandyWait
6.12.9.3.45.95, Ts, TestSiteS:enTestSiteTesting
6.12.9.3.45.96, Arm, Arm:enToStandyWait
6.12.9.3.45.97, Ts, TestSiteS:enTestSiteTesting
6.12.9.3.45.98, Arm, Arm:enToStandyWait
6.12.9.3.45.98, Ts, TestSiteS:enTestSiteTesting
6.12.9.3.45.99, Arm, Arm:enToStandyWait
6.12.9.3.45.99, Ts, TestSiteS:enTestSiteTesting
6.12.9.3.46.00, Arm, Arm:enToStandyWait
6.12.9.3.46.00, Ts, TestSiteS:enTestSiteTesting
6.12.9.3.46.01, Arm, Arm:enToStandyWait
6.12.9.3.46.01, Ts, TestSiteS:enTestSiteTesting
6.12.9.3.46.02, Arm, Arm:enToStandyWait
6.12.9.3.46.02, Ts, TestSiteS:enTestSiteTesting
6.12.9.3.46.03, Arm, Arm:enToStandyWait
6.12.9.3.46.03, Ts, TestSiteS:enTestSiteTesting
6.12.9.3.46.04, Arm, Arm:enToStandyWait
6.12.9.3.46.04, Ts, TestSiteS:enTestSiteTesting
6.12.9.3.46.05, Arm, Arm:enToStandyWait
6.12.9.3.46.05, Ts, TestSiteS:enTestSiteTesting
6.12.9.3.46.06, Arm, Arm:enToStandyWait
6.12.9.3.46.06, Ts, TestSiteS:enTestSiteTesting
6.12.9.3.46.07, Arm, Arm:enToStandyWait
6.12.9.3.46.07, Ts, TestSiteS:enTestSiteTesting
6.12.9.3.46.08, Arm, Arm:enToStandyWait
6.12.9.3.46.08, Ts, TestSiteS:enTestSiteTesting
6.12.9.3.46.09, Arm, Arm:enToStandyWait
6.12.9.3.46.09, Ts, TestSiteS:enTestSiteTesting
6.12.9.3.46.10, Arm, Arm:enToStandyWait
6.12.9.3.46.10, Ts, TestSiteS:enTestSiteTesting
6.12.9.3.46.11, Arm, Arm:enToStandyWait
6.12.9.3.46.12, Ts, TestSiteS:enTestSiteTesting
6.12.9.3.46.13, Arm, Arm:enToStandyWait
6.12.9.3.46.13, Ts, TestSiteS:enTestSiteTesting
6.12.9.3.46.14, Arm, Arm:enToStandyWait
6.12.9.3.46.14, Ts, TestSiteS:enTestSiteTesting
6.12.9.3.46.15, Arm, Arm:enToStandyWait
6.12.9.3.46.15, Ts, TestSiteS:enTestSiteTesting
6.12.9.3.46.16, Arm, Arm:enToStandyWait
6.12.9.3.46.16, Ts, TestSiteS:enTestSiteTesting
6.12.9.3.46.17, Arm, Arm:enToStandyWait
6.12.9.3.46.17, Ts, TestSiteS:enTestSiteTesting
6.12.9.3.46.18, Arm, Arm:enToStandyWait
6.12.9.3.46.18, Ts, TestSiteS:enTestSiteTesting
6.12.9.3.46.19, Arm, Arm:enToStandyWait
6.12.9.3.46.19, Ts, TestSiteS:enTestSiteTesting
6.12.9.3.46.20, Arm, Arm:enToStandyWait
6.12.9.3.46.20, Ts, TestSiteS:enTestSiteTesting
6.12.9.3.46.21, Arm, Arm:enToStandyWait
6.12.9.3.46.21, Ts, TestSiteS:enTestSiteTesting
6.12.9.3.46.22, Arm, Arm:enToStandyWait
6.12.9.3.46.22, Ts, TestSiteS:enTestSiteTesting
6.12.9.3.46.23, Arm, Arm:enToStandyWait
6.12.9.3.46.23, Ts, TestSiteS:enTestSiteTesting
6.12.9.3.46.24, Arm, Arm:enToStandyWait
6.12.9.3.46.25, Ts, TestSiteS:enTestSiteTesting
6.12.9.3.46.25, Arm, Arm:enToStandyWait
6.12.9.3.46.26, Ts, TestSiteS:enTestSiteTesting
6.12.9.3.46.26, Arm, Arm:enToStandyWait
6.12.9.3.46.27, Ts, TestSiteS:enTestSiteTesting
6.12.9.3.46.28, Arm, Arm:enToStandyWait
6.12.9.3.46.28, Ts, TestSiteS:enTestSiteTesting
6.12.9.3.46.29, Arm, Arm:enToStandyWait
6.12.9.3.46.29, Ts, TestSiteS:enTestSiteTesting
6.12.9.3.46.30, Arm, Arm:enToStandyWait
6.12.9.3.46.30, Ts, TestSiteS:enTestSiteTesting
6.12.9.3.46.31, Arm, Arm:enToStandyWait
6.12.9.3.46.31, Ts, TestSiteS:enTestSiteTesting
6.12.9.3.46.32, Arm, Arm:enToStandyWait
6.12.9.3.46.33, Ts, TestSiteS:enTestSiteTesting
6.12.9.3.46.33, Arm, Arm:enToStandyWait
6.12.9.3.46.34, Ts, TestSiteS:enTestSiteTesting
6.12.9.3.46.35, Arm, Arm:enToStandyWait
6.12.9.3.46.35, Ts, TestSiteS:enTestSiteTesting
6.12.9.3.46.36, Arm, Arm:enToStandyWait
6.12.9.3.46.36, Ts, TestSiteS:enTestSiteTesting
6.12.9.3.46.37, Arm, Arm:enToStandyWait
6.12.9.3.46.37, Ts, TestSiteS:enTestSiteTesting
6.12.9.3.46.38, Arm, Arm:enToStandyWait
6.12.9.3.46.39, Ts, TestSiteS:enTestSiteTesting
6.12.9.3.46.39, Arm, Arm:enToStandyWait
6.12.9.3.46.40, Ts, TestSiteS:enTestSiteTesting
6.12.9.3.46.40, Arm, Arm:enToStandyWait
6.12.9.3.46.41, Ts, TestSiteS:enTestSiteTesting
6.12.9.3.46.42, Arm, Arm:enToStandyWait
6.12.9.3.46.42, Ts, TestSiteS:enTestSiteTesting
6.12.9.3.46.43, Arm, Arm:enToStandyWait
6.12.9.3.46.44, Ts, TestSiteS:enTestSiteTesting
6.12.9.3.46.45, Arm, Arm:enToStandyWait
6.12.9.3.46.45, Ts, TestSiteS:enTestSiteTesting
6.12.9.3.46.46, Arm, Arm:enToStandyWait
6.12.9.3.46.46, Ts, TestSiteS:enTestSiteTesting
6.12.9.3.46.47, Arm, Arm:enToStandyWait
6.12.9.3.46.47, Ts, TestSiteS:enTestSiteTesting
6.12.9.3.46.48, Arm, Arm:enToStandyWait
6.12.9.3.46.48, Ts, TestSiteS:enTestSiteTesting
6.12.9.3.46.49, Arm, Arm:enToStandyWait
6.12.9.3.46.49, Ts, TestSiteS:enTestSiteTesting
6.12.9.3.46.50, Arm, Arm:enToStandyWait
6.12.9.3.46.50, Ts, TestSiteS:enTestSiteTesting
6.12.9.3.46.51, Arm, Arm:enToStandyWait
6.12.9.3.46.51, Ts, TestSiteS:enTestSiteTesting
6.12.9.3.46.52, Arm, Arm:enToStandyWait
6.12.9.3.46.52, Ts, TestSiteS:enTestSiteTesting
6.12.9.3.46.53, Arm, Arm:enToStandyWait
6.12.9.3.46.54, Ts, TestSiteS:enTestSiteTesting
6.12.9.3.46.55, Arm, Arm:enToStandyWait
6.12.9.3.46.55, Ts, TestSiteS:enTestSiteTesting
6.12.9.3.46.56, Arm, Arm:enToStandyWait
6.12.9.3.46.56, Ts, TestSiteS:enTestSiteTesting
6.12.9.3.46.57, Arm, Arm:enToStandyWait
6.12.9.3.46.58, Ts, TestSiteS:enTestSiteTesting
6.12.9.3.46.59, Arm, Arm:enToStandyWait
6.12.9.3.46.60, Ts, TestSiteS:enTestSiteTesting
6.12.9.3.46.61, Arm, Arm:enToStandyWait
6.12.9.3.46.61, Ts, TestSiteS:enTestSiteTesting
6.12.9.3.46.62, Arm, Arm:enToStandyWait
6.12.9.3.46.62, Ts, TestSiteS:enTestSiteTesting
6.12.9.3.46.63, Arm, Arm:enToStandyWait
6.12.9.3.46.63, Ts, TestSiteS:enTestSiteTesting
6.12.9.3.46.64, Arm, Arm:enToStandyWait
6.12.9.3.46.64, Ts, TestSiteS:enTestSiteTesting
6.12.9.3.46.65, Arm, Arm:enToStandyWait
6.12.9.3.46.65, Ts, TestSiteS:enTestSiteTesting
6.12.9.3.46.66, Arm, Arm:enToStandyWait
6.12.9.3.46.66, Ts, TestSiteS:enTestSiteTesting
6.12.9.3.46.67, Arm, Arm:enToStandyWait
6.12.9.3.46.67, Ts, TestSiteS:enTestSiteTesting
6.12.9.3.46.68, Arm, Arm:enToStandyWait
6.12.9.3.46.69, Ts, TestSiteS:enTestSiteTesting
6.12.9.3.46.70, Arm, Arm:enToStandyWait
6.12.9.3.46.70, Ts, TestSiteS:enTestSiteTesting
6.12.9.3.46.71, Arm, Arm:enToStandyWait
6.12.9.3.46.72, Ts, TestSiteS:enTestSiteTesting
6.12.9.3.46.73, Arm, Arm:enToStandyWait
6.12.9.3.46.73, Ts, TestSiteS:enTestSiteTesting
6.12.9.3.46.74, Arm, Arm:enToStandyWait
6.12.9.3.46.74, Ts, TestSiteS:enTestSiteTesting
6.12.9.3.46.75, Arm, Arm:enToStandyWait
6.12.9.3.46.75, Ts, TestSiteS:enTestSiteTesting
6.12.9.3.46.76, Arm, Arm:enToStandyWait
6.12.9.3.46.76, Ts, TestSiteS:enTestSiteTesting
6.12.9.3.46.77, Tester, Arm:enFTTesting
6.12.9.3.46.77, Ts, TestSiteS:enTestSiteTesting
6.12.9.3.46.77, Arm, Arm:enToStandyWait
6.12.9.3.46.78, Ts, TestSiteS:enTestSiteTesting
6.12.9.3.46.78, Arm, Arm:enToStandyWait
6.12.9.3.46.78, Tester, Arm:enFTTestEnd
6.12.9.3.46.79, Arm, Arm:enToStandyWait
6.12.9.3.46.79, Ts, TestSiteS:enTestSiteTesting
6.12.9.3.46.80, Arm, Arm:enToStandyWait
6.12.9.3.46.80, Ts, TestSiteS:enTestSiteTestEnd
6.12.9.3.46.81, Arm, Arm:enToStandyWait
6.12.9.3.46.81, Ts, TestSiteS:enTestSiteYield
6.12.9.3.46.82, Ts, TestSiteS:enTestSiteVaccStart
6.12.9.3.46.82, Arm, Arm:enToStandyWait
6.12.9.3.46.83, Ts, TestSiteS:enTestSiteVacc
6.12.9.3.46.83, Arm, Arm:enToStandyWait
6.12.9.3.46.84, Ts, TestSiteS:enTestSiteVaccEnd
6.12.9.3.46.85, Arm, Arm:enToStandyWait
6.12.9.3.46.85, Ts, TestSiteS:enTestSiteUpForPlace
6.12.9.3.46.86, Arm, Arm:enToStandyWait
6.12.9.3.47.37, Ts, TestSiteS:enShuttleOutput
6.12.9.3.47.38, Arm, Arm:enToStandyWait
6.12.9.3.47.38, Ts, TestSiteS:enTestSitePlace
6.12.9.3.47.39, Ts, TestSiteS:enTestSitePlaceBlow
6.12.9.3.47.39, Arm, Arm:enToStandyWait
6.12.9.3.47.40, Ts, TestSiteS:enTestSiteUpForOut
6.12.9.3.47.41, Arm, Arm:enToStandyWait
6.12.9.3.47.93, Ts, TestSiteS:enShuttleHomeForOutput
6.12.9.3.47.94, Arm, Arm:enToStandyWait
6.12.9.3.47.95, Arm, Arm:enToShuttleOutput
6.12.9.3.47.96, Arm, Arm:enToShuttlePick
6.12.9.3.47.97, Arm, Arm:enToShuttlePickVaccStart
6.12.9.3.47.98, Arm, Arm:enToShuttlePickVacc
6.12.9.3.47.99, Arm, Arm:enToShuttlePickVaccEnd
6.12.9.3.48.00, Arm, Arm:enToShuttleUpForOutput
6.12.9.3.48.01, Arm, Arm:enRotatorOutCheckSetting
6.12.9.3.48.02, Arm, Arm:enRotatorOutGotoRotator
6.12.9.3.48.46, Ts, TestSiteS:enShuttleHome
6.12.9.3.48.47, Ts, TestSiteS:enShuttleHomeStandy
6.12.9.3.48.54, Arm, Arm:enRotatorOutCheckReadyForOutput
6.12.9.3.48.55, Ts, TestSiteS:enShuttleHomeStandy
6.12.9.3.48.55, Arm, Arm:enRotatorOutRamin
6.12.9.3.48.56, Ts, TestSiteS:enShuttleHomeStandy
6.12.9.3.48.56, Arm, Arm:enRotatorOutBlowDown
6.12.9.3.48.57, Ts, TestSiteS:enShuttleHomeStandy
6.12.9.3.48.57, Arm, Arm:enRotatorOutBlow
6.12.9.3.48.58, Arm, Arm:enRotatorOutBlowUp
6.12.9.3.48.58, Ts, TestSiteS:enShuttleHomeStandy
6.12.9.3.48.59, Arm, Arm:enRotatorOutCheckJamForBlow
6.12.9.3.48.60, Ts, TestSiteS:enShuttleHomeStandy
6.12.9.3.49.11, Arm, Arm:enRotatorOutTurn
6.12.9.3.49.11, Ts, TestSiteS:enShuttleHomeStandy
6.12.9.3.49.12, Arm, Arm:enRotatorOutCheckJamForPick
6.12.9.3.49.12, Ts, TestSiteS:enShuttleHomeStandy
6.12.9.3.49.13, Arm, Arm:enRotatorOutPickDown
6.12.9.3.49.13, Ts, TestSiteS:enShuttleHomeStandy
6.12.9.3.49.14, Arm, Arm:enRotatorOutPick
6.12.9.3.49.14, Ts, TestSiteS:enShuttleHomeStandy
6.12.9.3.49.15, Arm, Arm:enRotatorOutPickUp
6.12.9.3.49.15, Ts, TestSiteS:enShuttleHomeStandy
6.12.9.3.49.16, Arm, Arm:enRotatorOutPickEnd
6.12.9.3.49.16, Ts, TestSiteS:enShuttleHomeStandy
6.12.9.3.49.17, Arm, 0D . 0C
6.12.9.3.49.17, Arm, Arm:enRepeatToOutput
6.12.9.3.49.17, Ts, TestSiteS:enShuttleHomeStandy
6.12.9.3.49.18, Arm, Arm:enRepeatPlacIC
6.12.9.3.49.18, Ts, TestSiteS:enShuttleHomeStandy
6.12.9.3.49.19, Arm, Arm:enRepeatBlow
6.12.9.3.49.19, Ts, TestSiteS:enShuttleHomeStandy
6.12.9.3.49.20, Arm, Arm:enRepeatBlowEnd
6.12.9.3.49.20, Ts, TestSiteS:enShuttleHomeStandy
6.12.9.3.49.21, Arm, Arm:enRepeatOutToHome
6.12.9.3.49.21, Ts, TestSiteS:enShuttleHomeStandy
6.12.9.3.49.22, Arm, Arm:enRepeatOutToHomeEnd
6.12.9.3.49.22, Ts, TestSiteS:enShuttleHomeStandy
6.12.9.3.49.22, Arm, Tray Map 0D . 0C
6.12.9.3.49.23, Ts, TestSiteS:enShuttleHomeStandy
6.12.9.3.49.27, Arm, Arm:enRepeatOutToHomeEndEnd
6.12.9.3.49.27, Ts, TestSiteS:enShuttleHomeStandy
6.12.9.3.49.28, Arm, Arm:enToInput
6.12.9.3.49.29, Ts, TestSiteS:enShuttleHomeStandy
6.12.9.3.49.29, Arm, 0D . 1C
6.12.9.3.49.29, Arm, Arm:enRepeatToInput
6.12.9.3.49.30, Arm, Arm:enRepeatPickIC
6.12.9.3.49.30, Ts, TestSiteS:enShuttleHomeStandy
6.12.9.3.49.31, Arm, Arm:enRepeatVacc
6.12.9.3.49.31, Ts, TestSiteS:enShuttleHomeStandy
6.12.9.3.49.32, Arm, Arm:enRepeatVaccEnd
6.12.9.3.49.33, Ts, TestSiteS:enShuttleHomeStandy
6.12.9.3.49.33, Arm, Arm:enRepeatInToHome
6.12.9.3.49.34, Ts, TestSiteS:enShuttleHomeStandy
6.12.9.3.49.34, Arm, Arm:enRepeatInToHomeEnd
6.12.9.3.49.35, Ts, TestSiteS:enShuttleHomeStandy
6.12.9.3.49.36, Arm, Arm:enRotatorInCheckSetting
6.12.9.3.49.36, Ts, TestSiteS:enShuttleHomeStandy
6.12.9.3.49.37, Arm, Arm:enRotatorInGoToRotator
6.12.9.3.49.37, Ts, TestSiteS:enShuttleHomeStandy
6.12.9.3.49.89, Arm, Arm:enRotatorInCheckReadyForInput
6.12.9.3.49.89, Ts, TestSiteS:enShuttleHomeStandy
6.12.9.3.49.90, Arm, Arm:enRotatorInBlowDown
6.12.9.3.49.90, Ts, TestSiteS:enShuttleHomeStandy
6.12.9.3.49.91, Arm, Arm:enRotatorInBlow
6.12.9.3.49.91, Ts, TestSiteS:enShuttleHomeStandy
6.12.9.3.49.92, Arm, Arm:enRotatorInBlowUp
6.12.9.3.49.92, Ts, TestSiteS:enShuttleHomeStandy
6.12.9.3.49.93, Arm, Arm:enRotatorInCheckJamForBlow
6.12.9.3.49.94, Ts, TestSiteS:enShuttleHomeStandy
6.12.9.3.50.45, Arm, Arm:enRotatorInTurn
6.12.9.3.50.45, Ts, TestSiteS:enShuttleHomeStandy
6.12.9.3.50.45, Arm, Arm:enRotatorInCheckJamForPick
6.12.9.3.50.45, Ts, TestSiteS:enShuttleHomeStandy
6.12.9.3.50.45, Arm, Arm:enRotatorInPickDown
6.12.9.3.50.45, Arm, Arm:enRotatorInPick
6.12.9.3.50.45, Ts, TestSiteS:enShuttleHomeStandy
6.12.9.3.50.45, Arm, Arm:enRotatorInPickUp
6.12.9.3.50.45, Ts, TestSiteS:enShuttleHomeStandy
6.12.9.3.50.45, Arm, Arm:enRotatorInEnd
6.12.9.3.50.46, Ts, TestSiteS:enShuttleHomeStandy
6.12.9.3.50.46, Arm, Arm:enToShuttle
6.12.9.3.50.46, Arm, Arm:enShuttlePlaceIC
6.12.9.3.50.46, Ts, TestSiteS:enShuttleHomeStandy
6.12.9.3.50.46, Arm, Arm:enShuttleBlow
6.12.9.3.50.46, Ts, TestSiteS:enShuttleHomeStandy
6.12.9.3.50.46, Arm, Arm:enShuttleUp
6.12.9.3.50.46, Ts, TestSiteS:enShuttleHomeStandy
6.12.9.3.50.46, Arm, Arm:enShuttleCheckJam
6.12.9.3.50.46, Ts, TestSiteS:enShuttleHomeStandy
6.12.9.3.50.46, Arm, Arm:enShuttleCheckJamOK
6.12.9.3.50.47, Ts, TestSiteS:enShuttleHomeStandy
6.12.9.3.50.47, Arm, Arm:enToStandy
6.12.9.3.50.47, Arm, Arm:enToStandyEnd
6.12.9.3.50.47, Arm, Arm:enToStandyWait
6.12.9.3.50.98, Ts, TestSiteS:enShuttleInput
6.12.9.3.50.99, Arm, Arm:enToStandyWait
6.12.9.3.50.99, Ts, TestSiteS:enShuttleInputJam
6.12.9.3.51.00, Arm, Arm:enToStandyWait
6.12.9.3.51.00, Ts, TestSiteS:enShutlleInputEnd
6.12.9.3.51.01, Ts, TestSiteS:enTestSitePickForVacc
6.12.9.3.51.01, Arm, Arm:enToStandyWait
6.12.9.3.51.02, Ts, TestSiteS:enTestSiteVaccForUp
6.12.9.3.51.03, Ts, TestSiteS:enTestSiteUpForContact
6.12.9.3.51.03, Arm, Arm:enToStandyWait
6.12.9.3.51.56, Ts, TestSiteS:enShuttleHomeForContact
6.12.9.3.51.57, Arm, Arm:enToStandyWait
6.12.9.3.51.57, Ts, TestSiteS:enTestSiteDownForContact
6.12.9.3.51.58, Arm, Arm:enToStandyWait
6.12.9.3.51.58, Ts, TestSiteS:enTestSiteContact
6.12.9.3.51.59, Ts, TestSiteS:enTestStteContactEnd
6.12.9.3.51.59, Arm, Arm:enToStandyWait
6.12.9.3.51.60, Ts, TestSiteS:enTestSiteTestStart
6.12.9.3.51.61, Arm, Arm:enToStandyWait
6.12.9.3.51.61, Ts, TestSiteS:enTestSiteTesting
6.12.9.3.51.62, Arm, Arm:enToStandyWait
6.12.9.3.51.62, Ts, TestSiteS:enTestSiteTesting
6.12.9.3.51.62, Tester, Arm:enTestStart
6.12.9.3.51.63, Arm, Arm:enToStandyWait
6.12.9.3.51.63, Ts, TestSiteS:enTestSiteTesting
6.12.9.3.51.63, Tester, Arm:enFTTestStart
6.12.9.3.51.64, Arm, Arm:enToStandyWait
6.12.9.3.51.64, Ts, TestSiteS:enTestSiteTesting
6.12.9.3.51.65, Arm, Arm:enToStandyWait
6.12.9.3.51.66, Ts, TestSiteS:enTestSiteTesting
6.12.9.3.51.66, Arm, Arm:enToStandyWait
6.12.9.3.51.67, Ts, TestSiteS:enTestSiteTesting
6.12.9.3.51.68, Arm, Arm:enToStandyWait
6.12.9.3.51.68, Ts, TestSiteS:enTestSiteTesting
6.12.9.3.51.69, Arm, Arm:enToStandyWait
6.12.9.3.51.69, Ts, TestSiteS:enTestSiteTesting
6.12.9.3.51.70, Arm, Arm:enToStandyWait
6.12.9.3.51.70, Ts, TestSiteS:enTestSiteTesting
6.12.9.3.51.71, Arm, Arm:enToStandyWait
6.12.9.3.51.72, Ts, TestSiteS:enTestSiteTesting
6.12.9.3.51.73, Arm, Arm:enToStandyWait
6.12.9.3.51.73, Ts, TestSiteS:enTestSiteTesting
6.12.9.3.51.74, Arm, Arm:enToStandyWait
6.12.9.3.51.75, Ts, TestSiteS:enTestSiteTesting
6.12.9.3.51.76, Arm, Arm:enToStandyWait
6.12.9.3.51.77, Ts, TestSiteS:enTestSiteTesting
6.12.9.3.51.77, Arm, Arm:enToStandyWait
6.12.9.3.51.78, Ts, TestSiteS:enTestSiteTesting
6.12.9.3.51.79, Arm, Arm:enToStandyWait
6.12.9.3.51.79, Ts, TestSiteS:enTestSiteTesting
6.12.9.3.51.80, Arm, Arm:enToStandyWait
6.12.9.3.51.80, Ts, TestSiteS:enTestSiteTesting
6.12.9.3.51.81, Arm, Arm:enToStandyWait
6.12.9.3.51.81, Ts, TestSiteS:enTestSiteTesting
6.12.9.3.51.82, Arm, Arm:enToStandyWait
6.12.9.3.51.82, Ts, TestSiteS:enTestSiteTesting
6.12.9.3.51.83, Arm, Arm:enToStandyWait
6.12.9.3.51.83, Ts, TestSiteS:enTestSiteTesting
6.12.9.3.51.84, Arm, Arm:enToStandyWait
6.12.9.3.51.84, Ts, TestSiteS:enTestSiteTesting
6.12.9.3.51.85, Arm, Arm:enToStandyWait
6.12.9.3.51.85, Ts, TestSiteS:enTestSiteTesting
6.12.9.3.51.86, Arm, Arm:enToStandyWait
6.12.9.3.51.86, Ts, TestSiteS:enTestSiteTesting
6.12.9.3.51.87, Arm, Arm:enToStandyWait
6.12.9.3.51.88, Ts, TestSiteS:enTestSiteTesting
6.12.9.3.51.88, Arm, Arm:enToStandyWait
6.12.9.3.51.89, Ts, TestSiteS:enTestSiteTesting
6.12.9.3.51.89, Arm, Arm:enToStandyWait
6.12.9.3.51.90, Ts, TestSiteS:enTestSiteTesting
6.12.9.3.51.91, Arm, Arm:enToStandyWait
6.12.9.3.51.91, Ts, TestSiteS:enTestSiteTesting
6.12.9.3.51.92, Arm, Arm:enToStandyWait
6.12.9.3.51.92, Ts, TestSiteS:enTestSiteTesting
6.12.9.3.51.93, Arm, Arm:enToStandyWait
6.12.9.3.51.94, Ts, TestSiteS:enTestSiteTesting
6.12.9.3.51.95, Arm, Arm:enToStandyWait
6.12.9.3.51.96, Ts, TestSiteS:enTestSiteTesting
6.12.9.3.51.96, Arm, Arm:enToStandyWait
6.12.9.3.51.97, Ts, TestSiteS:enTestSiteTesting
6.12.9.3.51.98, Arm, Arm:enToStandyWait
6.12.9.3.51.98, Ts, TestSiteS:enTestSiteTesting
6.12.9.3.51.99, Arm, Arm:enToStandyWait
6.12.9.3.52.00, Ts, TestSiteS:enTestSiteTesting
6.12.9.3.52.00, Arm, Arm:enToStandyWait
6.12.9.3.52.01, Ts, TestSiteS:enTestSiteTesting
6.12.9.3.52.01, Arm, Arm:enToStandyWait
6.12.9.3.52.02, Ts, TestSiteS:enTestSiteTesting
6.12.9.3.52.02, Arm, Arm:enToStandyWait
6.12.9.3.52.03, Ts, TestSiteS:enTestSiteTesting
6.12.9.3.52.03, Arm, Arm:enToStandyWait
6.12.9.3.52.04, Ts, TestSiteS:enTestSiteTesting
6.12.9.3.52.05, Arm, Arm:enToStandyWait
6.12.9.3.52.06, Ts, TestSiteS:enTestSiteTesting
6.12.9.3.52.07, Arm, Arm:enToStandyWait
6.12.9.3.52.07, Ts, TestSiteS:enTestSiteTesting
6.12.9.3.52.08, Arm, Arm:enToStandyWait
6.12.9.3.52.08, Ts, TestSiteS:enTestSiteTesting
6.12.9.3.52.09, Arm, Arm:enToStandyWait
6.12.9.3.52.10, Ts, TestSiteS:enTestSiteTesting
6.12.9.3.52.11, Arm, Arm:enToStandyWait
6.12.9.3.52.11, Ts, TestSiteS:enTestSiteTesting
6.12.9.3.52.12, Arm, Arm:enToStandyWait
6.12.9.3.52.12, Ts, TestSiteS:enTestSiteTesting
6.12.9.3.52.13, Arm, Arm:enToStandyWait
6.12.9.3.52.13, Ts, TestSiteS:enTestSiteTesting
6.12.9.3.52.14, Arm, Arm:enToStandyWait
6.12.9.3.52.14, Ts, TestSiteS:enTestSiteTesting
6.12.9.3.52.15, Arm, Arm:enToStandyWait
6.12.9.3.52.15, Ts, TestSiteS:enTestSiteTesting
6.12.9.3.52.16, Arm, Arm:enToStandyWait
6.12.9.3.52.16, Ts, TestSiteS:enTestSiteTesting
6.12.9.3.52.17, Arm, Arm:enToStandyWait
6.12.9.3.52.17, Ts, TestSiteS:enTestSiteTesting
6.12.9.3.52.18, Arm, Arm:enToStandyWait
6.12.9.3.52.18, Ts, TestSiteS:enTestSiteTesting
6.12.9.3.52.19, Arm, Arm:enToStandyWait
6.12.9.3.52.20, Ts, TestSiteS:enTestSiteTesting
6.12.9.3.52.21, Arm, Arm:enToStandyWait
6.12.9.3.52.21, Ts, TestSiteS:enTestSiteTesting
6.12.9.3.52.22, Arm, Arm:enToStandyWait
6.12.9.3.52.22, Ts, TestSiteS:enTestSiteTesting
6.12.9.3.52.23, Arm, Arm:enToStandyWait
6.12.9.3.52.23, Ts, TestSiteS:enTestSiteTesting
6.12.9.3.52.24, Arm, Arm:enToStandyWait
6.12.9.3.52.24, Ts, TestSiteS:enTestSiteTesting
6.12.9.3.52.25, Arm, Arm:enToStandyWait
6.12.9.3.52.25, Ts, TestSiteS:enTestSiteTesting
6.12.9.3.52.26, Arm, Arm:enToStandyWait
6.12.9.3.52.27, Ts, TestSiteS:enTestSiteTesting
6.12.9.3.52.27, Arm, Arm:enToStandyWait
6.12.9.3.52.28, Ts, TestSiteS:enTestSiteTesting
6.12.9.3.52.28, Arm, Arm:enToStandyWait
6.12.9.3.52.29, Ts, TestSiteS:enTestSiteTesting
6.12.9.3.52.30, Arm, Arm:enToStandyWait
6.12.9.3.52.30, Ts, TestSiteS:enTestSiteTesting
6.12.9.3.52.31, Arm, Arm:enToStandyWait
6.12.9.3.52.31, Ts, TestSiteS:enTestSiteTesting
6.12.9.3.52.32, Arm, Arm:enToStandyWait
6.12.9.3.52.33, Ts, TestSiteS:enTestSiteTesting
6.12.9.3.52.34, Arm, Arm:enToStandyWait
6.12.9.3.52.34, Ts, TestSiteS:enTestSiteTesting
6.12.9.3.52.35, Arm, Arm:enToStandyWait
6.12.9.3.52.36, Ts, TestSiteS:enTestSiteTesting
6.12.9.3.52.36, Arm, Arm:enToStandyWait
6.12.9.3.52.37, Ts, TestSiteS:enTestSiteTesting
6.12.9.3.52.37, Arm, Arm:enToStandyWait
6.12.9.3.52.38, Ts, TestSiteS:enTestSiteTesting
6.12.9.3.52.39, Arm, Arm:enToStandyWait
6.12.9.3.52.40, Ts, TestSiteS:enTestSiteTesting
6.12.9.3.52.40, Arm, Arm:enToStandyWait
6.12.9.3.52.41, Ts, TestSiteS:enTestSiteTesting
6.12.9.3.52.42, Arm, Arm:enToStandyWait
6.12.9.3.52.42, Ts, TestSiteS:enTestSiteTesting
6.12.9.3.52.43, Arm, Arm:enToStandyWait
6.12.9.3.52.43, Ts, TestSiteS:enTestSiteTesting
6.12.9.3.52.44, Arm, Arm:enToStandyWait
6.12.9.3.52.44, Ts, TestSiteS:enTestSiteTesting
6.12.9.3.52.45, Arm, Arm:enToStandyWait
6.12.9.3.52.45, Ts, TestSiteS:enTestSiteTesting
6.12.9.3.52.46, Arm, Arm:enToStandyWait
6.12.9.3.52.47, Ts, TestSiteS:enTestSiteTesting
6.12.9.3.52.47, Arm, Arm:enToStandyWait
6.12.9.3.52.48, Ts, TestSiteS:enTestSiteTesting
6.12.9.3.52.49, Arm, Arm:enToStandyWait
6.12.9.3.52.50, Ts, TestSiteS:enTestSiteTesting
6.12.9.3.52.51, Arm, Arm:enToStandyWait
6.12.9.3.52.52, Ts, TestSiteS:enTestSiteTesting
6.12.9.3.52.52, Arm, Arm:enToStandyWait
6.12.9.3.52.53, Ts, TestSiteS:enTestSiteTesting
6.12.9.3.52.54, Arm, Arm:enToStandyWait
6.12.9.3.52.54, Ts, TestSiteS:enTestSiteTesting
6.12.9.3.52.55, Arm, Arm:enToStandyWait
6.12.9.3.52.55, Ts, TestSiteS:enTestSiteTesting
6.12.9.3.52.56, Arm, Arm:enToStandyWait
6.12.9.3.52.56, Ts, TestSiteS:enTestSiteTesting
6.12.9.3.52.57, Arm, Arm:enToStandyWait
6.12.9.3.52.58, Ts, TestSiteS:enTestSiteTesting
6.12.9.3.52.58, Arm, Arm:enToStandyWait
6.12.9.3.52.59, Ts, TestSiteS:enTestSiteTesting
6.12.9.3.52.59, Arm, Arm:enToStandyWait
6.12.9.3.52.60, Ts, TestSiteS:enTestSiteTesting
6.12.9.3.52.61, Arm, Arm:enToStandyWait
6.12.9.3.52.61, Ts, TestSiteS:enTestSiteTesting
6.12.9.3.52.62, Arm, Arm:enToStandyWait
6.12.9.3.52.63, Ts, TestSiteS:enTestSiteTesting
6.12.9.3.52.64, Arm, Arm:enToStandyWait
6.12.9.3.52.64, Ts, TestSiteS:enTestSiteTesting
6.12.9.3.52.65, Arm, Arm:enToStandyWait
6.12.9.3.52.66, Ts, TestSiteS:enTestSiteTesting
6.12.9.3.52.67, Arm, Arm:enToStandyWait
6.12.9.3.52.67, Ts, TestSiteS:enTestSiteTesting
6.12.9.3.52.68, Arm, Arm:enToStandyWait
6.12.9.3.52.68, Ts, TestSiteS:enTestSiteTesting
6.12.9.3.52.69, Arm, Arm:enToStandyWait
6.12.9.3.52.69, Ts, TestSiteS:enTestSiteTesting
6.12.9.3.52.70, Arm, Arm:enToStandyWait
6.12.9.3.52.70, Ts, TestSiteS:enTestSiteTesting
6.12.9.3.52.71, Arm, Arm:enToStandyWait
6.12.9.3.52.71, Ts, TestSiteS:enTestSiteTesting
6.12.9.3.52.72, Arm, Arm:enToStandyWait
6.12.9.3.52.73, Ts, TestSiteS:enTestSiteTesting
6.12.9.3.52.74, Arm, Arm:enToStandyWait
6.12.9.3.52.74, Ts, TestSiteS:enTestSiteTesting
6.12.9.3.52.75, Arm, Arm:enToStandyWait
6.12.9.3.52.76, Ts, TestSiteS:enTestSiteTesting
6.12.9.3.52.77, Arm, Arm:enToStandyWait
6.12.9.3.52.77, Ts, TestSiteS:enTestSiteTesting
6.12.9.3.52.78, Arm, Arm:enToStandyWait
6.12.9.3.52.78, Ts, TestSiteS:enTestSiteTesting
6.12.9.3.52.79, Arm, Arm:enToStandyWait
6.12.9.3.52.79, Ts, TestSiteS:enTestSiteTesting
6.12.9.3.52.80, Arm, Arm:enToStandyWait
6.12.9.3.52.80, Ts, TestSiteS:enTestSiteTesting
6.12.9.3.52.81, Arm, Arm:enToStandyWait
6.12.9.3.52.82, Ts, TestSiteS:enTestSiteTesting
6.12.9.3.52.82, Arm, Arm:enToStandyWait
6.12.9.3.52.83, Ts, TestSiteS:enTestSiteTesting
6.12.9.3.52.84, Tester, Arm:enFTTesting
6.12.9.3.52.84, Ts, TestSiteS:enTestSiteTesting
6.12.9.3.52.84, Arm, Arm:enToStandyWait
6.12.9.3.52.85, Ts, TestSiteS:enTestSiteTesting
6.12.9.3.52.85, Arm, Arm:enToStandyWait
6.12.9.3.52.86, Ts, TestSiteS:enTestSiteTesting
6.12.9.3.52.86, Arm, Arm:enToStandyWait
6.12.9.3.52.87, Ts, TestSiteS:enTestSiteTesting
6.12.9.3.52.87, Arm, Arm:enToStandyWait
6.12.9.3.52.87, Tester, Arm:enFTTestEnd
6.12.9.3.52.88, Ts, TestSiteS:enTestSiteTesting
6.12.9.3.52.88, Arm, Arm:enToStandyWait
6.12.9.3.52.89, Ts, TestSiteS:enTestSiteTestEnd
6.12.9.3.52.89, Arm, Arm:enToStandyWait
6.12.9.3.52.90, Ts, TestSiteS:enTestSiteYield
6.12.9.3.52.91, Arm, Arm:enToStandyWait
6.12.9.3.52.91, Ts, TestSiteS:enTestSiteVaccStart
6.12.9.3.52.92, Ts, TestSiteS:enTestSiteVacc
6.12.9.3.52.92, Arm, Arm:enToStandyWait
6.12.9.3.52.93, Ts, TestSiteS:enTestSiteVaccEnd
6.12.9.3.52.94, Ts, TestSiteS:enTestSiteUpForPlace
6.12.9.3.52.94, Arm, Arm:enToStandyWait
6.12.9.3.53.46, Ts, TestSiteS:enShuttleOutput
6.12.9.3.53.47, Arm, Arm:enToStandyWait
6.12.9.3.53.47, Ts, TestSiteS:enTestSitePlace
6.12.9.3.53.48, Arm, Arm:enToStandyWait
6.12.9.3.53.48, Ts, TestSiteS:enTestSitePlaceBlow
6.12.9.3.53.49, Arm, Arm:enToStandyWait
6.12.9.3.53.49, Ts, TestSiteS:enTestSiteUpForOut
6.12.9.3.53.50, Arm, Arm:enToStandyWait
6.12.9.3.54.01, Ts, TestSiteS:enShuttleHomeForOutput
6.12.9.3.54.02, Arm, Arm:enToStandyWait
6.12.9.3.54.03, Arm, Arm:enToShuttleOutput
6.12.9.3.54.04, Arm, Arm:enToShuttlePick
6.12.9.3.54.05, Arm, Arm:enToShuttlePickVaccStart
6.12.9.3.54.06, Arm, Arm:enToShuttlePickVacc
6.12.9.3.54.07, Arm, Arm:enToShuttlePickVaccEnd
6.12.9.3.54.08, Arm, Arm:enToShuttleUpForOutput
6.12.9.3.54.09, Arm, Arm:enRotatorOutCheckSetting
6.12.9.3.54.10, Arm, Arm:enRotatorOutGotoRotator
6.12.9.3.54.54, Ts, TestSiteS:enShuttleHome
6.12.9.3.54.55, Ts, TestSiteS:enShuttleHomeStandy
6.12.9.3.54.63, Arm, Arm:enRotatorOutCheckReadyForOutput
6.12.9.3.54.63, Ts, TestSiteS:enShuttleHomeStandy
6.12.9.3.54.64, Arm, Arm:enRotatorOutRamin
6.12.9.3.54.64, Ts, TestSiteS:enShuttleHomeStandy
6.12.9.3.54.65, Arm, Arm:enRotatorOutBlowDown
6.12.9.3.54.65, Ts, TestSiteS:enShuttleHomeStandy
6.12.9.3.54.66, Arm, Arm:enRotatorOutBlow
6.12.9.3.54.66, Ts, TestSiteS:enShuttleHomeStandy
6.12.9.3.54.67, Arm, Arm:enRotatorOutBlowUp
6.12.9.3.54.67, Ts, TestSiteS:enShuttleHomeStandy
6.12.9.3.54.68, Arm, Arm:enRotatorOutCheckJamForBlow
6.12.9.3.54.68, Ts, TestSiteS:enShuttleHomeStandy
6.12.9.3.55.21, Arm, Arm:enRotatorOutTurn
6.12.9.3.55.21, Ts, TestSiteS:enShuttleHomeStandy
6.12.9.3.55.22, Arm, Arm:enRotatorOutCheckJamForPick
6.12.9.3.55.22, Ts, TestSiteS:enShuttleHomeStandy
6.12.9.3.55.23, Arm, Arm:enRotatorOutPickDown
6.12.9.3.55.24, Ts, TestSiteS:enShuttleHomeStandy
6.12.9.3.55.24, Arm, Arm:enRotatorOutPick
6.12.9.3.55.25, Arm, Arm:enRotatorOutPickUp
6.12.9.3.55.25, Ts, TestSiteS:enShuttleHomeStandy
6.12.9.3.55.26, Arm, Arm:enRotatorOutPickEnd
6.12.9.3.55.27, Ts, TestSiteS:enShuttleHomeStandy
6.12.9.3.55.27, Arm, 0D . 1C
6.12.9.3.55.27, Arm, Arm:enRepeatToOutput
6.12.9.3.55.28, Ts, TestSiteS:enShuttleHomeStandy
6.12.9.3.55.28, Arm, Arm:enRepeatPlacIC
6.12.9.3.55.29, Arm, Arm:enRepeatBlow
6.12.9.3.55.29, Ts, TestSiteS:enShuttleHomeStandy
6.12.9.3.55.30, Arm, Arm:enRepeatBlowEnd
6.12.9.3.55.31, Arm, Arm:enRepeatOutToHome
6.12.9.3.55.31, Ts, TestSiteS:enShuttleHomeStandy
6.12.9.3.55.32, Arm, Arm:enRepeatOutToHomeEnd
6.12.9.3.55.32, Arm, Tray Map 0D . 1C
6.12.9.3.55.33, Ts, TestSiteS:enShuttleHomeStandy
6.12.9.3.55.37, Arm, Arm:enRepeatOutToHomeEndEnd
6.12.9.3.55.37, Ts, TestSiteS:enShuttleHomeStandy
6.12.9.3.55.38, Arm, Arm:enToInput
6.12.9.3.55.39, Ts, TestSiteS:enShuttleHomeStandy
6.12.9.3.55.39, Arm, 1D . 0C
6.12.9.3.55.39, Arm, Arm:enRepeatToInput
6.12.9.3.55.40, Arm, Arm:enRepeatPickIC
6.12.9.3.55.40, Ts, TestSiteS:enShuttleHomeStandy
6.12.9.3.55.41, Arm, Arm:enRepeatVacc
6.12.9.3.55.41, Ts, TestSiteS:enShuttleHomeStandy
6.12.9.3.55.42, Arm, Arm:enRepeatVaccEnd
6.12.9.3.55.43, Arm, Arm:enRepeatInToHome
6.12.9.3.55.43, Ts, TestSiteS:enShuttleHomeStandy
6.12.9.3.55.44, Arm, Arm:enRepeatInToHomeEnd
6.12.9.3.55.44, Ts, TestSiteS:enShuttleHomeStandy
6.12.9.3.55.45, Arm, Arm:enRepeatInToHomeEnd
6.12.9.3.55.45, Ts, TestSiteS:enShuttleHomeStandy
6.12.9.3.55.46, Arm, Arm:enRotatorInCheckSetting
6.12.9.3.55.46, Ts, TestSiteS:enShuttleHomeStandy
6.12.9.3.55.47, Arm, Arm:enRotatorInGoToRotator
6.12.9.3.55.47, Ts, TestSiteS:enShuttleHomeStandy
6.12.9.3.55.99, Arm, Arm:enRotatorInCheckReadyForInput
6.12.9.3.55.99, Ts, TestSiteS:enShuttleHomeStandy
6.12.9.3.56.00, Arm, Arm:enRotatorInBlowDown
6.12.9.3.56.00, Ts, TestSiteS:enShuttleHomeStandy
6.12.9.3.56.01, Arm, Arm:enRotatorInBlow
6.12.9.3.56.01, Ts, TestSiteS:enShuttleHomeStandy
6.12.9.3.56.02, Arm, Arm:enRotatorInBlowUp
6.12.9.3.56.03, Ts, TestSiteS:enShuttleHomeStandy
6.12.9.3.56.03, Arm, Arm:enRotatorInCheckJamForBlow
6.12.9.3.56.04, Ts, TestSiteS:enShuttleHomeStandy
6.12.9.3.56.55, Arm, Arm:enRotatorInTurn
6.12.9.3.56.55, Ts, TestSiteS:enShuttleHomeStandy
6.12.9.3.56.56, Arm, Arm:enRotatorInCheckJamForPick
6.12.9.3.56.56, Ts, TestSiteS:enShuttleHomeStandy
6.12.9.3.56.57, Arm, Arm:enRotatorInPickDown
6.12.9.3.56.57, Ts, TestSiteS:enShuttleHomeStandy
6.12.9.3.56.58, Arm, Arm:enRotatorInPick
6.12.9.3.56.59, Ts, TestSiteS:enShuttleHomeStandy
6.12.9.3.56.59, Arm, Arm:enRotatorInPickUp
6.12.9.3.56.60, Ts, TestSiteS:enShuttleHomeStandy
6.12.9.3.56.60, Arm, Arm:enRotatorInEnd
6.12.9.3.56.61, Arm, Arm:enToShuttle
6.12.9.3.56.61, Ts, TestSiteS:enShuttleHomeStandy
6.12.9.3.56.62, Arm, Arm:enShuttlePlaceIC
6.12.9.3.56.63, Ts, TestSiteS:enShuttleHomeStandy
6.12.9.3.56.63, Arm, Arm:enShuttleBlow
6.12.9.3.56.64, Ts, TestSiteS:enShuttleHomeStandy
6.12.9.3.56.64, Arm, Arm:enShuttleUp
6.12.9.3.56.65, Arm, Arm:enShuttleCheckJam
6.12.9.3.56.65, Ts, TestSiteS:enShuttleHomeStandy
6.12.9.3.56.66, Arm, Arm:enShuttleCheckJamOK
6.12.9.3.56.66, Ts, TestSiteS:enShuttleHomeStandy
6.12.9.3.56.68, Arm, Arm:enToStandy
6.12.9.3.56.68, Ts, TestSiteS:enShuttleHomeStandy
6.12.9.3.56.69, Arm, Arm:enToStandyEnd
6.12.9.3.56.70, Arm, Arm:enToStandyWait
6.12.9.3.57.20, Ts, TestSiteS:enShuttleInput
6.12.9.3.57.21, Arm, Arm:enToStandyWait
6.12.9.3.57.21, Ts, TestSiteS:enShuttleInputJam
6.12.9.3.57.22, Arm, Arm:enToStandyWait
6.12.9.3.57.22, Ts, TestSiteS:enShutlleInputEnd
6.12.9.3.57.23, Arm, Arm:enToStandyWait
6.12.9.3.57.23, Ts, TestSiteS:enTestSitePickForVacc
6.12.9.3.57.24, Ts, TestSiteS:enTestSiteVaccForUp
6.12.9.3.57.24, Arm, Arm:enToStandyWait
6.12.9.3.57.25, Ts, TestSiteS:enTestSiteUpForContact
6.12.9.3.57.26, Arm, Arm:enToStandyWait
6.12.9.3.57.76, Ts, TestSiteS:enShuttleHomeForContact
6.12.9.3.57.76, Arm, Arm:enToStandyWait
6.12.9.3.57.77, Ts, TestSiteS:enTestSiteDownForContact
6.12.9.3.57.78, Arm, Arm:enToStandyWait
6.12.9.3.57.78, Ts, TestSiteS:enTestSiteContact
6.12.9.3.57.79, Ts, TestSiteS:enTestStteContactEnd
6.12.9.3.57.79, Arm, Arm:enToStandyWait
6.12.9.3.57.80, Ts, TestSiteS:enTestSiteTestStart
6.12.9.3.57.80, Arm, Arm:enToStandyWait
6.12.9.3.57.81, Ts, TestSiteS:enTestSiteTesting
6.12.9.3.57.81, Arm, Arm:enToStandyWait
6.12.9.3.57.81, Tester, Arm:enTestStart
6.12.9.3.57.82, Arm, Arm:enToStandyWait
6.12.9.3.57.82, Ts, TestSiteS:enTestSiteTesting
6.12.9.3.57.82, Tester, Arm:enFTTestStart
6.12.9.3.57.83, Arm, Arm:enToStandyWait
6.12.9.3.57.83, Ts, TestSiteS:enTestSiteTesting
6.12.9.3.57.84, Arm, Arm:enToStandyWait
6.12.9.3.57.84, Ts, TestSiteS:enTestSiteTesting
6.12.9.3.57.85, Arm, Arm:enToStandyWait
6.12.9.3.57.86, Ts, TestSiteS:enTestSiteTesting
6.12.9.3.57.86, Arm, Arm:enToStandyWait
6.12.9.3.57.87, Ts, TestSiteS:enTestSiteTesting
6.12.9.3.57.87, Arm, Arm:enToStandyWait
6.12.9.3.57.88, Ts, TestSiteS:enTestSiteTesting
6.12.9.3.57.89, Arm, Arm:enToStandyWait
6.12.9.3.57.89, Ts, TestSiteS:enTestSiteTesting
6.12.9.3.57.90, Arm, Arm:enToStandyWait
6.12.9.3.57.90, Ts, TestSiteS:enTestSiteTesting
6.12.9.3.57.91, Arm, Arm:enToStandyWait
6.12.9.3.57.91, Ts, TestSiteS:enTestSiteTesting
6.12.9.3.57.92, Arm, Arm:enToStandyWait
6.12.9.3.57.93, Ts, TestSiteS:enTestSiteTesting
6.12.9.3.57.93, Arm, Arm:enToStandyWait
6.12.9.3.57.94, Ts, TestSiteS:enTestSiteTesting
6.12.9.3.57.94, Arm, Arm:enToStandyWait
6.12.9.3.57.95, Ts, TestSiteS:enTestSiteTesting
6.12.9.3.57.95, Arm, Arm:enToStandyWait
6.12.9.3.57.96, Ts, TestSiteS:enTestSiteTesting
6.12.9.3.57.97, Arm, Arm:enToStandyWait
6.12.9.3.57.97, Ts, TestSiteS:enTestSiteTesting
6.12.9.3.57.98, Arm, Arm:enToStandyWait
6.12.9.3.57.98, Ts, TestSiteS:enTestSiteTesting
6.12.9.3.57.99, Arm, Arm:enToStandyWait
6.12.9.3.57.99, Ts, TestSiteS:enTestSiteTesting
6.12.9.3.58.00, Arm, Arm:enToStandyWait
6.12.9.3.58.00, Ts, TestSiteS:enTestSiteTesting
6.12.9.3.58.01, Arm, Arm:enToStandyWait
6.12.9.3.58.01, Ts, TestSiteS:enTestSiteTesting
6.12.9.3.58.02, Arm, Arm:enToStandyWait
6.12.9.3.58.02, Ts, TestSiteS:enTestSiteTesting
6.12.9.3.58.03, Arm, Arm:enToStandyWait
6.12.9.3.58.03, Ts, TestSiteS:enTestSiteTesting
6.12.9.3.58.04, Arm, Arm:enToStandyWait
6.12.9.3.58.05, Ts, TestSiteS:enTestSiteTesting
6.12.9.3.58.06, Arm, Arm:enToStandyWait
6.12.9.3.58.06, Ts, TestSiteS:enTestSiteTesting
6.12.9.3.58.07, Arm, Arm:enToStandyWait
6.12.9.3.58.08, Ts, TestSiteS:enTestSiteTesting
6.12.9.3.58.08, Arm, Arm:enToStandyWait
6.12.9.3.58.09, Ts, TestSiteS:enTestSiteTesting
6.12.9.3.58.10, Arm, Arm:enToStandyWait
6.12.9.3.58.11, Ts, TestSiteS:enTestSiteTesting
6.12.9.3.58.11, Arm, Arm:enToStandyWait
6.12.9.3.58.12, Ts, TestSiteS:enTestSiteTesting
6.12.9.3.58.12, Arm, Arm:enToStandyWait
6.12.9.3.58.13, Ts, TestSiteS:enTestSiteTesting
6.12.9.3.58.14, Arm, Arm:enToStandyWait
6.12.9.3.58.14, Ts, TestSiteS:enTestSiteTesting
6.12.9.3.58.15, Arm, Arm:enToStandyWait
6.12.9.3.58.15, Ts, TestSiteS:enTestSiteTesting
6.12.9.3.58.16, Arm, Arm:enToStandyWait
6.12.9.3.58.16, Ts, TestSiteS:enTestSiteTesting
6.12.9.3.58.17, Arm, Arm:enToStandyWait
6.12.9.3.58.18, Ts, TestSiteS:enTestSiteTesting
6.12.9.3.58.19, Arm, Arm:enToStandyWait
6.12.9.3.58.19, Ts, TestSiteS:enTestSiteTesting
6.12.9.3.58.20, Arm, Arm:enToStandyWait
6.12.9.3.58.20, Ts, TestSiteS:enTestSiteTesting
6.12.9.3.58.21, Arm, Arm:enToStandyWait
6.12.9.3.58.21, Ts, TestSiteS:enTestSiteTesting
6.12.9.3.58.22, Arm, Arm:enToStandyWait
6.12.9.3.58.22, Ts, TestSiteS:enTestSiteTesting
6.12.9.3.58.23, Arm, Arm:enToStandyWait
6.12.9.3.58.23, Ts, TestSiteS:enTestSiteTesting
6.12.9.3.58.24, Arm, Arm:enToStandyWait
6.12.9.3.58.25, Ts, TestSiteS:enTestSiteTesting
6.12.9.3.58.26, Arm, Arm:enToStandyWait
6.12.9.3.58.26, Ts, TestSiteS:enTestSiteTesting
6.12.9.3.58.27, Arm, Arm:enToStandyWait
6.12.9.3.58.28, Ts, TestSiteS:enTestSiteTesting
6.12.9.3.58.29, Arm, Arm:enToStandyWait
6.12.9.3.58.29, Ts, TestSiteS:enTestSiteTesting
6.12.9.3.58.30, Arm, Arm:enToStandyWait
6.12.9.3.58.30, Ts, TestSiteS:enTestSiteTesting
6.12.9.3.58.31, Arm, Arm:enToStandyWait
6.12.9.3.58.31, Ts, TestSiteS:enTestSiteTesting
6.12.9.3.58.32, Arm, Arm:enToStandyWait
6.12.9.3.58.33, Ts, TestSiteS:enTestSiteTesting
6.12.9.3.58.34, Arm, Arm:enToStandyWait
6.12.9.3.58.34, Ts, TestSiteS:enTestSiteTesting
6.12.9.3.58.35, Arm, Arm:enToStandyWait
6.12.9.3.58.35, Ts, TestSiteS:enTestSiteTesting
6.12.9.3.58.36, Arm, Arm:enToStandyWait
6.12.9.3.58.37, Ts, TestSiteS:enTestSiteTesting
6.12.9.3.58.37, Arm, Arm:enToStandyWait
6.12.9.3.58.38, Ts, TestSiteS:enTestSiteTesting
6.12.9.3.58.39, Arm, Arm:enToStandyWait
6.12.9.3.58.40, Ts, TestSiteS:enTestSiteTesting
6.12.9.3.58.41, Arm, Arm:enToStandyWait
6.12.9.3.58.41, Ts, TestSiteS:enTestSiteTesting
6.12.9.3.58.42, Arm, Arm:enToStandyWait
6.12.9.3.58.42, Ts, TestSiteS:enTestSiteTesting
6.12.9.3.58.43, Arm, Arm:enToStandyWait
6.12.9.3.58.43, Ts, TestSiteS:enTestSiteTesting
6.12.9.3.58.44, Arm, Arm:enToStandyWait
6.12.9.3.58.44, Ts, TestSiteS:enTestSiteTesting
6.12.9.3.58.45, Arm, Arm:enToStandyWait
6.12.9.3.58.45, Ts, TestSiteS:enTestSiteTesting
6.12.9.3.58.46, Arm, Arm:enToStandyWait
6.12.9.3.58.47, Ts, TestSiteS:enTestSiteTesting
6.12.9.3.58.48, Arm, Arm:enToStandyWait
6.12.9.3.58.48, Ts, TestSiteS:enTestSiteTesting
6.12.9.3.58.49, Arm, Arm:enToStandyWait
6.12.9.3.58.49, Ts, TestSiteS:enTestSiteTesting
6.12.9.3.58.50, Arm, Arm:enToStandyWait
6.12.9.3.58.50, Ts, TestSiteS:enTestSiteTesting
6.12.9.3.58.51, Arm, Arm:enToStandyWait
6.12.9.3.58.51, Ts, TestSiteS:enTestSiteTesting
6.12.9.3.58.52, Arm, Arm:enToStandyWait
6.12.9.3.58.53, Ts, TestSiteS:enTestSiteTesting
6.12.9.3.58.54, Arm, Arm:enToStandyWait
6.12.9.3.58.55, Ts, TestSiteS:enTestSiteTesting
6.12.9.3.58.56, Arm, Arm:enToStandyWait
6.12.9.3.58.56, Ts, TestSiteS:enTestSiteTesting
6.12.9.3.58.57, Arm, Arm:enToStandyWait
6.12.9.3.58.57, Ts, TestSiteS:enTestSiteTesting
6.12.9.3.58.58, Arm, Arm:enToStandyWait
6.12.9.3.58.58, Ts, TestSiteS:enTestSiteTesting
6.12.9.3.58.59, Arm, Arm:enToStandyWait
6.12.9.3.58.60, Ts, TestSiteS:enTestSiteTesting
6.12.9.3.58.61, Arm, Arm:enToStandyWait
6.12.9.3.58.61, Ts, TestSiteS:enTestSiteTesting
6.12.9.3.58.62, Arm, Arm:enToStandyWait
6.12.9.3.58.62, Ts, TestSiteS:enTestSiteTesting
6.12.9.3.58.63, Arm, Arm:enToStandyWait
6.12.9.3.58.63, Ts, TestSiteS:enTestSiteTesting
6.12.9.3.58.64, Arm, Arm:enToStandyWait
6.12.9.3.58.64, Ts, TestSiteS:enTestSiteTesting
6.12.9.3.58.65, Arm, Arm:enToStandyWait
6.12.9.3.58.65, Ts, TestSiteS:enTestSiteTesting
6.12.9.3.58.66, Arm, Arm:enToStandyWait
6.12.9.3.58.66, Ts, TestSiteS:enTestSiteTesting
6.12.9.3.58.67, Arm, Arm:enToStandyWait
6.12.9.3.58.67, Ts, TestSiteS:enTestSiteTesting
6.12.9.3.58.68, Arm, Arm:enToStandyWait
6.12.9.3.58.69, Ts, TestSiteS:enTestSiteTesting
6.12.9.3.58.69, Arm, Arm:enToStandyWait
6.12.9.3.58.70, Ts, TestSiteS:enTestSiteTesting
6.12.9.3.58.71, Arm, Arm:enToStandyWait
6.12.9.3.58.71, Ts, TestSiteS:enTestSiteTesting
6.12.9.3.58.72, Arm, Arm:enToStandyWait
6.12.9.3.58.72, Ts, TestSiteS:enTestSiteTesting
6.12.9.3.58.73, Arm, Arm:enToStandyWait
6.12.9.3.58.73, Ts, TestSiteS:enTestSiteTesting
6.12.9.3.58.74, Arm, Arm:enToStandyWait
6.12.9.3.58.74, Ts, TestSiteS:enTestSiteTesting
6.12.9.3.58.75, Arm, Arm:enToStandyWait
6.12.9.3.58.75, Ts, TestSiteS:enTestSiteTesting
6.12.9.3.58.76, Arm, Arm:enToStandyWait
6.12.9.3.58.77, Ts, TestSiteS:enTestSiteTesting
6.12.9.3.58.77, Arm, Arm:enToStandyWait
6.12.9.3.58.78, Ts, TestSiteS:enTestSiteTesting
6.12.9.3.58.79, Arm, Arm:enToStandyWait
6.12.9.3.58.79, Ts, TestSiteS:enTestSiteTesting
6.12.9.3.58.80, Arm, Arm:enToStandyWait
6.12.9.3.58.80, Ts, TestSiteS:enTestSiteTesting
6.12.9.3.58.81, Arm, Arm:enToStandyWait
6.12.9.3.58.81, Ts, TestSiteS:enTestSiteTesting
6.12.9.3.58.82, Arm, Arm:enToStandyWait
6.12.9.3.58.82, Ts, TestSiteS:enTestSiteTesting
6.12.9.3.58.83, Arm, Arm:enToStandyWait
6.12.9.3.58.84, Ts, TestSiteS:enTestSiteTesting
6.12.9.3.58.84, Arm, Arm:enToStandyWait
6.12.9.3.58.85, Ts, TestSiteS:enTestSiteTesting
6.12.9.3.58.86, Arm, Arm:enToStandyWait
6.12.9.3.58.86, Ts, TestSiteS:enTestSiteTesting
6.12.9.3.58.87, Arm, Arm:enToStandyWait
6.12.9.3.58.88, Ts, TestSiteS:enTestSiteTesting
6.12.9.3.58.88, Arm, Arm:enToStandyWait
6.12.9.3.58.89, Ts, TestSiteS:enTestSiteTesting
6.12.9.3.58.89, Arm, Arm:enToStandyWait
6.12.9.3.58.90, Ts, TestSiteS:enTestSiteTesting
6.12.9.3.58.91, Arm, Arm:enToStandyWait
6.12.9.3.58.92, Ts, TestSiteS:enTestSiteTesting
6.12.9.3.58.92, Arm, Arm:enToStandyWait
6.12.9.3.58.93, Ts, TestSiteS:enTestSiteTesting
6.12.9.3.58.93, Arm, Arm:enToStandyWait
6.12.9.3.58.94, Ts, TestSiteS:enTestSiteTesting
6.12.9.3.58.94, Arm, Arm:enToStandyWait
6.12.9.3.58.95, Ts, TestSiteS:enTestSiteTesting
6.12.9.3.58.95, Arm, Arm:enToStandyWait
6.12.9.3.58.96, Ts, TestSiteS:enTestSiteTesting
6.12.9.3.58.96, Arm, Arm:enToStandyWait
6.12.9.3.58.97, Ts, TestSiteS:enTestSiteTesting
6.12.9.3.58.98, Arm, Arm:enToStandyWait
6.12.9.3.58.99, Ts, TestSiteS:enTestSiteTesting
6.12.9.3.59.00, Arm, Arm:enToStandyWait
6.12.9.3.59.00, Ts, TestSiteS:enTestSiteTesting
6.12.9.3.59.01, Arm, Arm:enToStandyWait
6.12.9.3.59.02, Ts, TestSiteS:enTestSiteTesting
6.12.9.3.59.02, Arm, Arm:enToStandyWait
6.12.9.3.59.03, Tester, Arm:enFTTesting
6.12.9.3.59.03, Ts, TestSiteS:enTestSiteTesting
6.12.9.3.59.03, Arm, Arm:enToStandyWait
6.12.9.3.59.04, Ts, TestSiteS:enTestSiteTesting
6.12.9.3.59.04, Tester, Arm:enFTTestEnd
6.12.9.3.59.05, Arm, Arm:enToStandyWait
6.12.9.3.59.05, Ts, TestSiteS:enTestSiteTesting
6.12.9.3.59.06, Arm, Arm:enToStandyWait
6.12.9.3.59.06, Ts, TestSiteS:enTestSiteTestEnd
6.12.9.3.59.07, Arm, Arm:enToStandyWait
6.12.9.3.59.07, Ts, TestSiteS:enTestSiteYield
6.12.9.3.59.08, Arm, Arm:enToStandyWait
6.12.9.3.59.08, Ts, TestSiteS:enTestSiteVaccStart
6.12.9.3.59.09, Arm, Arm:enToStandyWait
6.12.9.3.59.09, Ts, TestSiteS:enTestSiteVacc
6.12.9.3.59.10, Arm, Arm:enToStandyWait
6.12.9.3.59.10, Ts, TestSiteS:enTestSiteVaccEnd
6.12.9.3.59.11, Arm, Arm:enToStandyWait
6.12.9.3.59.11, Ts, TestSiteS:enTestSiteUpForPlace
6.12.9.3.59.12, Arm, Arm:enToStandyWait
6.12.9.3.59.64, Ts, TestSiteS:enShuttleOutput
6.12.9.3.59.64, Arm, Arm:enToStandyWait
6.12.9.3.59.65, Ts, TestSiteS:enTestSitePlace
6.12.9.3.59.66, Arm, Arm:enToStandyWait
6.12.9.3.59.66, Ts, TestSiteS:enTestSitePlaceBlow
6.12.9.3.59.67, Arm, Arm:enToStandyWait
6.12.9.3.59.67, Ts, TestSiteS:enTestSiteUpForOut
6.12.9.3.59.68, Arm, Arm:enToStandyWait
6.12.9.4. 0.20, Ts, TestSiteS:enShuttleHomeForOutput
6.12.9.4. 0.20, Arm, Arm:enToStandyWait
6.12.9.4. 0.21, Arm, Arm:enToShuttleOutput
6.12.9.4. 0.22, Arm, Arm:enToShuttlePick
6.12.9.4. 0.23, Arm, Arm:enToShuttlePickVaccStart
6.12.9.4. 0.24, Arm, Arm:enToShuttlePickVacc
6.12.9.4. 0.25, Arm, Arm:enToShuttlePickVaccEnd
6.12.9.4. 0.26, Arm, Arm:enToShuttleUpForOutput
6.12.9.4. 0.27, Arm, Arm:enRotatorOutCheckSetting
6.12.9.4. 0.28, Arm, Arm:enRotatorOutGotoRotator
6.12.9.4. 0.73, Ts, TestSiteS:enShuttleHome
6.12.9.4. 0.74, Ts, TestSiteS:enShuttleHomeStandy
6.12.9.4. 0.81, Arm, Arm:enRotatorOutCheckReadyForOutput
6.12.9.4. 0.82, Ts, TestSiteS:enShuttleHomeStandy
6.12.9.4. 0.82, Arm, Arm:enRotatorOutRamin
6.12.9.4. 0.83, Arm, Arm:enRotatorOutBlowDown
6.12.9.4. 0.83, Ts, TestSiteS:enShuttleHomeStandy
6.12.9.4. 0.84, Arm, Arm:enRotatorOutBlow
6.12.9.4. 0.84, Ts, TestSiteS:enShuttleHomeStandy
6.12.9.4. 0.85, Arm, Arm:enRotatorOutBlowUp
6.12.9.4. 0.86, Arm, Arm:enRotatorOutCheckJamForBlow
6.12.9.4. 0.86, Ts, TestSiteS:enShuttleHomeStandy
6.12.9.4. 1.38, Arm, Arm:enRotatorOutTurn
6.12.9.4. 1.39, Ts, TestSiteS:enShuttleHomeStandy
6.12.9.4. 1.39, Arm, Arm:enRotatorOutCheckJamForPick
6.12.9.4. 1.40, Arm, Arm:enRotatorOutPickDown
6.12.9.4. 1.40, Ts, TestSiteS:enShuttleHomeStandy
6.12.9.4. 1.41, Arm, Arm:enRotatorOutPick
6.12.9.4. 1.41, Ts, TestSiteS:enShuttleHomeStandy
6.12.9.4. 1.42, Arm, Arm:enRotatorOutPickUp
6.12.9.4. 1.43, Ts, TestSiteS:enShuttleHomeStandy
6.12.9.4. 1.43, Arm, Arm:enRotatorOutPickEnd
6.12.9.4. 1.44, Ts, TestSiteS:enShuttleHomeStandy
6.12.9.4. 1.44, Arm, 1D . 0C
6.12.9.4. 1.44, Arm, Arm:enRepeatToOutput
6.12.9.4. 1.45, Arm, Arm:enRepeatPlacIC
6.12.9.4. 1.45, Ts, TestSiteS:enShuttleHomeStandy
6.12.9.4. 1.46, Arm, Arm:enRepeatBlow
6.12.9.4. 1.46, Ts, TestSiteS:enShuttleHomeStandy
6.12.9.4. 1.47, Arm, Arm:enRepeatBlowEnd
6.12.9.4. 1.47, Ts, TestSiteS:enShuttleHomeStandy
6.12.9.4. 1.48, Arm, Arm:enRepeatOutToHome
6.12.9.4. 1.49, Ts, TestSiteS:enShuttleHomeStandy
6.12.9.4. 1.49, Arm, Arm:enRepeatOutToHomeEnd
6.12.9.4. 1.49, Arm, Tray Map 1D . 0C
6.12.9.4. 1.50, Ts, TestSiteS:enShuttleHomeStandy
6.12.9.4. 1.54, Arm, Arm:enRepeatOutToHomeEndEnd
6.12.9.4. 1.55, Ts, TestSiteS:enShuttleHomeStandy
6.12.9.4. 1.55, Arm, Arm:enToInput
6.12.9.4. 1.56, Ts, TestSiteS:enShuttleHomeStandy
6.12.9.4. 1.56, Arm, 1D . 1C
6.12.9.4. 1.56, Arm, Arm:enRepeatToInput
6.12.9.4. 1.57, Arm, Arm:enRepeatPickIC
6.12.9.4. 1.57, Ts, TestSiteS:enShuttleHomeStandy
6.12.9.4. 1.58, Arm, Arm:enRepeatVacc
6.12.9.4. 1.59, Ts, TestSiteS:enShuttleHomeStandy
6.12.9.4. 1.59, Arm, Arm:enRepeatVaccEnd
6.12.9.4. 1.60, Ts, TestSiteS:enShuttleHomeStandy
6.12.9.4. 1.60, Arm, Arm:enRepeatInToHome
6.12.9.4. 1.61, Ts, TestSiteS:enShuttleHomeStandy
6.12.9.4. 1.61, Arm, Arm:enRepeatInToHomeEnd
6.12.9.4. 1.62, Ts, TestSiteS:enShuttleHomeStandy
6.12.9.4. 1.62, Arm, Arm:enRepeatInToHomeEnd
6.12.9.4. 1.63, Arm, Arm:enRotatorInCheckSetting
6.12.9.4. 1.63, Ts, TestSiteS:enShuttleHomeStandy
6.12.9.4. 1.64, Arm, Arm:enRotatorInGoToRotator
6.12.9.4. 1.65, Ts, TestSiteS:enShuttleHomeStandy
6.12.9.4. 2.16, Arm, Arm:enRotatorInCheckReadyForInput
6.12.9.4. 2.16, Ts, TestSiteS:enShuttleHomeStandy
6.12.9.4. 2.17, Arm, Arm:enRotatorInBlowDown
6.12.9.4. 2.17, Ts, TestSiteS:enShuttleHomeStandy
6.12.9.4. 2.18, Arm, Arm:enRotatorInBlow
6.12.9.4. 2.18, Ts, TestSiteS:enShuttleHomeStandy
6.12.9.4. 2.19, Arm, Arm:enRotatorInBlowUp
6.12.9.4. 2.19, Ts, TestSiteS:enShuttleHomeStandy
6.12.9.4. 2.20, Arm, Arm:enRotatorInCheckJamForBlow
6.12.9.4. 2.20, Ts, TestSiteS:enShuttleHomeStandy
6.12.9.4. 3.54, Arm, Arm:enRotatorInTurn
6.12.9.4. 3.54, Ts, TestSiteS:enShuttleHomeStandy
6.12.9.4. 3.55, Arm, Arm:enRotatorInCheckJamForPick
6.12.9.4. 3.56, Ts, TestSiteS:enShuttleHomeStandy
6.12.9.4. 3.56, Arm, Arm:enRotatorInPickDown
6.12.9.4. 3.57, Arm, Arm:enRotatorInPick
6.12.9.4. 3.57, Ts, TestSiteS:enShuttleHomeStandy
6.12.9.4. 3.58, Arm, Arm:enRotatorInPickUp
6.12.9.4. 3.58, Ts, TestSiteS:enShuttleHomeStandy
6.12.9.4. 3.59, Arm, Arm:enRotatorInEnd
6.12.9.4. 3.60, Ts, TestSiteS:enShuttleHomeStandy
6.12.9.4. 3.60, Arm, Arm:enToShuttle
6.12.9.4. 3.61, Ts, TestSiteS:enShuttleHomeStandy
6.12.9.4. 3.61, Arm, Arm:enShuttlePlaceIC
6.12.9.4. 3.62, Ts, TestSiteS:enShuttleHomeStandy
6.12.9.4. 3.62, Arm, Arm:enShuttleBlow
6.12.9.4. 3.63, Ts, TestSiteS:enShuttleHomeStandy
6.12.9.4. 3.63, Arm, Arm:enShuttleUp
6.12.9.4. 3.64, Ts, TestSiteS:enShuttleHomeStandy
6.12.9.4. 3.64, Arm, Arm:enShuttleCheckJam
6.12.9.4. 3.65, Arm, Arm:enShuttleCheckJamOK
6.12.9.4. 3.65, Ts, TestSiteS:enShuttleHomeStandy
6.12.9.4. 3.67, Arm, Arm:enToStandy
6.12.9.4. 3.68, Arm, Arm:enToStandyEnd
6.12.9.4. 3.69, Arm, Arm:enToStandyWait
6.12.9.4. 4.18, Ts, TestSiteS:enShuttleInput
6.12.9.4. 4.18, Arm, Arm:enToStandyWait
6.12.9.4. 4.19, Ts, TestSiteS:enShuttleInputJam
6.12.9.4. 4.19, Arm, Arm:enToStandyWait
6.12.9.4. 4.20, Ts, TestSiteS:enShutlleInputEnd
6.12.9.4. 4.20, Arm, Arm:enToStandyWait
6.12.9.4. 4.21, Ts, TestSiteS:enTestSitePickForVacc
6.12.9.4. 4.21, Arm, Arm:enToStandyWait
6.12.9.4. 4.22, Ts, TestSiteS:enTestSiteVaccForUp
6.12.9.4. 4.23, Arm, Arm:enToStandyWait
6.12.9.4. 4.23, Ts, TestSiteS:enTestSiteUpForContact
6.12.9.4. 4.24, Arm, Arm:enToStandyWait
6.12.9.4. 4.75, Ts, TestSiteS:enShuttleHomeForContact
6.12.9.4. 4.76, Arm, Arm:enToStandyWait
6.12.9.4. 4.76, Ts, TestSiteS:enTestSiteDownForContact
6.12.9.4. 4.77, Arm, Arm:enToStandyWait
6.12.9.4. 4.77, Ts, TestSiteS:enTestSiteContact
6.12.9.4. 4.78, Arm, Arm:enToStandyWait
6.12.9.4. 4.78, Ts, TestSiteS:enTestStteContactEnd
6.12.9.4. 4.79, Ts, TestSiteS:enTestSiteTestStart
6.12.9.4. 4.79, Arm, Arm:enToStandyWait
6.12.9.4. 4.80, Ts, TestSiteS:enTestSiteTesting
6.12.9.4. 4.81, Arm, Arm:enToStandyWait
6.12.9.4. 4.81, Ts, TestSiteS:enTestSiteTesting
6.12.9.4. 4.81, Tester, Arm:enTestStart
6.12.9.4. 4.82, Arm, Arm:enToStandyWait
6.12.9.4. 4.82, Ts, TestSiteS:enTestSiteTesting
6.12.9.4. 4.82, Tester, Arm:enFTTestStart
6.12.9.4. 4.83, Arm, Arm:enToStandyWait
6.12.9.4. 4.83, Ts, TestSiteS:enTestSiteTesting
6.12.9.4. 4.84, Arm, Arm:enToStandyWait
6.12.9.4. 4.84, Ts, TestSiteS:enTestSiteTesting
6.12.9.4. 4.85, Arm, Arm:enToStandyWait
6.12.9.4. 4.85, Ts, TestSiteS:enTestSiteTesting
6.12.9.4. 4.86, Arm, Arm:enToStandyWait
6.12.9.4. 4.86, Ts, TestSiteS:enTestSiteTesting
6.12.9.4. 4.87, Arm, Arm:enToStandyWait
6.12.9.4. 4.88, Ts, TestSiteS:enTestSiteTesting
6.12.9.4. 4.89, Arm, Arm:enToStandyWait
6.12.9.4. 4.90, Ts, TestSiteS:enTestSiteTesting
6.12.9.4. 4.91, Arm, Arm:enToStandyWait
6.12.9.4. 4.91, Ts, TestSiteS:enTestSiteTesting
6.12.9.4. 4.92, Arm, Arm:enToStandyWait
6.12.9.4. 4.93, Ts, TestSiteS:enTestSiteTesting
6.12.9.4. 4.93, Arm, Arm:enToStandyWait
6.12.9.4. 4.94, Ts, TestSiteS:enTestSiteTesting
6.12.9.4. 4.94, Arm, Arm:enToStandyWait
6.12.9.4. 4.95, Ts, TestSiteS:enTestSiteTesting
6.12.9.4. 4.96, Arm, Arm:enToStandyWait
6.12.9.4. 4.96, Ts, TestSiteS:enTestSiteTesting
6.12.9.4. 4.97, Arm, Arm:enToStandyWait
6.12.9.4. 4.97, Ts, TestSiteS:enTestSiteTesting
6.12.9.4. 4.98, Arm, Arm:enToStandyWait
6.12.9.4. 4.98, Ts, TestSiteS:enTestSiteTesting
6.12.9.4. 4.99, Arm, Arm:enToStandyWait
6.12.9.4. 4.99, Ts, TestSiteS:enTestSiteTesting
6.12.9.4. 5.00, Arm, Arm:enToStandyWait
6.12.9.4. 5.00, Ts, TestSiteS:enTestSiteTesting
6.12.9.4. 5.01, Arm, Arm:enToStandyWait
6.12.9.4. 5.01, Ts, TestSiteS:enTestSiteTesting
6.12.9.4. 5.02, Arm, Arm:enToStandyWait
6.12.9.4. 5.02, Ts, TestSiteS:enTestSiteTesting
6.12.9.4. 5.03, Arm, Arm:enToStandyWait
6.12.9.4. 5.03, Ts, TestSiteS:enTestSiteTesting
6.12.9.4. 5.04, Arm, Arm:enToStandyWait
6.12.9.4. 5.05, Ts, TestSiteS:enTestSiteTesting
6.12.9.4. 5.06, Arm, Arm:enToStandyWait
6.12.9.4. 5.07, Ts, TestSiteS:enTestSiteTesting
6.12.9.4. 5.08, Arm, Arm:enToStandyWait
6.12.9.4. 5.08, Ts, TestSiteS:enTestSiteTesting
6.12.9.4. 5.09, Arm, Arm:enToStandyWait
6.12.9.4. 5.09, Ts, TestSiteS:enTestSiteTesting
6.12.9.4. 5.10, Arm, Arm:enToStandyWait
6.12.9.4. 5.10, Ts, TestSiteS:enTestSiteTesting
6.12.9.4. 5.11, Arm, Arm:enToStandyWait
6.12.9.4. 5.11, Ts, TestSiteS:enTestSiteTesting
6.12.9.4. 5.12, Arm, Arm:enToStandyWait
6.12.9.4. 5.13, Ts, TestSiteS:enTestSiteTesting
6.12.9.4. 5.14, Arm, Arm:enToStandyWait
6.12.9.4. 5.15, Ts, TestSiteS:enTestSiteTesting
6.12.9.4. 5.16, Arm, Arm:enToStandyWait
6.12.9.4. 5.16, Ts, TestSiteS:enTestSiteTesting
6.12.9.4. 5.17, Arm, Arm:enToStandyWait
6.12.9.4. 5.17, Ts, TestSiteS:enTestSiteTesting
6.12.9.4. 5.18, Arm, Arm:enToStandyWait
6.12.9.4. 5.18, Ts, TestSiteS:enTestSiteTesting
6.12.9.4. 5.19, Arm, Arm:enToStandyWait
6.12.9.4. 5.20, Ts, TestSiteS:enTestSiteTesting
6.12.9.4. 5.20, Arm, Arm:enToStandyWait
6.12.9.4. 5.21, Ts, TestSiteS:enTestSiteTesting
6.12.9.4. 5.22, Arm, Arm:enToStandyWait
6.12.9.4. 5.22, Ts, TestSiteS:enTestSiteTesting
6.12.9.4. 5.23, Arm, Arm:enToStandyWait
6.12.9.4. 5.23, Ts, TestSiteS:enTestSiteTesting
6.12.9.4. 5.24, Arm, Arm:enToStandyWait
6.12.9.4. 5.24, Ts, TestSiteS:enTestSiteTesting
6.12.9.4. 5.25, Arm, Arm:enToStandyWait
6.12.9.4. 5.26, Ts, TestSiteS:enTestSiteTesting
6.12.9.4. 5.27, Arm, Arm:enToStandyWait
6.12.9.4. 5.27, Ts, TestSiteS:enTestSiteTesting
6.12.9.4. 5.28, Arm, Arm:enToStandyWait
6.12.9.4. 5.28, Ts, TestSiteS:enTestSiteTesting
6.12.9.4. 5.29, Arm, Arm:enToStandyWait
6.12.9.4. 5.29, Ts, TestSiteS:enTestSiteTesting
6.12.9.4. 5.30, Arm, Arm:enToStandyWait
6.12.9.4. 5.30, Ts, TestSiteS:enTestSiteTesting
6.12.9.4. 5.31, Arm, Arm:enToStandyWait
6.12.9.4. 5.32, Ts, TestSiteS:enTestSiteTesting
6.12.9.4. 5.32, Arm, Arm:enToStandyWait
6.12.9.4. 5.33, Ts, TestSiteS:enTestSiteTesting
6.12.9.4. 5.34, Arm, Arm:enToStandyWait
6.12.9.4. 5.34, Ts, TestSiteS:enTestSiteTesting
6.12.9.4. 5.35, Arm, Arm:enToStandyWait
6.12.9.4. 5.36, Ts, TestSiteS:enTestSiteTesting
6.12.9.4. 5.37, Arm, Arm:enToStandyWait
6.12.9.4. 5.38, Ts, TestSiteS:enTestSiteTesting
6.12.9.4. 5.39, Arm, Arm:enToStandyWait
6.12.9.4. 5.40, Ts, TestSiteS:enTestSiteTesting
6.12.9.4. 5.41, Arm, Arm:enToStandyWait
6.12.9.4. 5.41, Ts, TestSiteS:enTestSiteTesting
6.12.9.4. 5.42, Arm, Arm:enToStandyWait
6.12.9.4. 5.42, Ts, TestSiteS:enTestSiteTesting
6.12.9.4. 5.43, Arm, Arm:enToStandyWait
6.12.9.4. 5.43, Ts, TestSiteS:enTestSiteTesting
6.12.9.4. 5.44, Arm, Arm:enToStandyWait
6.12.9.4. 5.45, Ts, TestSiteS:enTestSiteTesting
6.12.9.4. 5.45, Arm, Arm:enToStandyWait
6.12.9.4. 5.46, Ts, TestSiteS:enTestSiteTesting
6.12.9.4. 5.47, Arm, Arm:enToStandyWait
6.12.9.4. 5.48, Ts, TestSiteS:enTestSiteTesting
6.12.9.4. 5.48, Arm, Arm:enToStandyWait
6.12.9.4. 5.49, Ts, TestSiteS:enTestSiteTesting
6.12.9.4. 5.49, Arm, Arm:enToStandyWait
6.12.9.4. 5.50, Ts, TestSiteS:enTestSiteTesting
6.12.9.4. 5.51, Arm, Arm:enToStandyWait
6.12.9.4. 5.52, Ts, TestSiteS:enTestSiteTesting
6.12.9.4. 5.52, Arm, Arm:enToStandyWait
6.12.9.4. 5.53, Ts, TestSiteS:enTestSiteTesting
6.12.9.4. 5.54, Arm, Arm:enToStandyWait
6.12.9.4. 5.55, Ts, TestSiteS:enTestSiteTesting
6.12.9.4. 5.56, Arm, Arm:enToStandyWait
6.12.9.4. 5.57, Ts, TestSiteS:enTestSiteTesting
6.12.9.4. 5.57, Arm, Arm:enToStandyWait
6.12.9.4. 5.58, Ts, TestSiteS:enTestSiteTesting
6.12.9.4. 5.59, Arm, Arm:enToStandyWait
6.12.9.4. 5.60, Ts, TestSiteS:enTestSiteTesting
6.12.9.4. 5.61, Arm, Arm:enToStandyWait
6.12.9.4. 5.61, Ts, TestSiteS:enTestSiteTesting
6.12.9.4. 5.62, Arm, Arm:enToStandyWait
6.12.9.4. 5.63, Ts, TestSiteS:enTestSiteTesting
6.12.9.4. 5.63, Arm, Arm:enToStandyWait
6.12.9.4. 5.64, Ts, TestSiteS:enTestSiteTesting
6.12.9.4. 5.65, Arm, Arm:enToStandyWait
6.12.9.4. 5.65, Ts, TestSiteS:enTestSiteTesting
6.12.9.4. 5.66, Arm, Arm:enToStandyWait
6.12.9.4. 5.66, Ts, TestSiteS:enTestSiteTesting
6.12.9.4. 5.67, Arm, Arm:enToStandyWait
6.12.9.4. 5.68, Ts, TestSiteS:enTestSiteTesting
6.12.9.4. 5.68, Arm, Arm:enToStandyWait
6.12.9.4. 5.69, Ts, TestSiteS:enTestSiteTesting
6.12.9.4. 5.69, Arm, Arm:enToStandyWait
6.12.9.4. 5.70, Ts, TestSiteS:enTestSiteTesting
6.12.9.4. 5.70, Arm, Arm:enToStandyWait
6.12.9.4. 5.71, Ts, TestSiteS:enTestSiteTesting
6.12.9.4. 5.72, Arm, Arm:enToStandyWait
6.12.9.4. 5.73, Ts, TestSiteS:enTestSiteTesting
6.12.9.4. 5.73, Arm, Arm:enToStandyWait
6.12.9.4. 5.74, Ts, TestSiteS:enTestSiteTesting
6.12.9.4. 5.74, Arm, Arm:enToStandyWait
6.12.9.4. 5.75, Ts, TestSiteS:enTestSiteTesting
6.12.9.4. 5.76, Arm, Arm:enToStandyWait
6.12.9.4. 5.77, Ts, TestSiteS:enTestSiteTesting
6.12.9.4. 5.78, Arm, Arm:enToStandyWait
6.12.9.4. 5.79, Ts, TestSiteS:enTestSiteTesting
6.12.9.4. 5.79, Arm, Arm:enToStandyWait
6.12.9.4. 5.80, Ts, TestSiteS:enTestSiteTesting
6.12.9.4. 5.80, Arm, Arm:enToStandyWait
6.12.9.4. 5.81, Ts, TestSiteS:enTestSiteTesting
6.12.9.4. 5.81, Arm, Arm:enToStandyWait
6.12.9.4. 5.82, Ts, TestSiteS:enTestSiteTesting
6.12.9.4. 5.82, Arm, Arm:enToStandyWait
6.12.9.4. 5.83, Ts, TestSiteS:enTestSiteTesting
6.12.9.4. 5.84, Arm, Arm:enToStandyWait
6.12.9.4. 5.84, Ts, TestSiteS:enTestSiteTesting
6.12.9.4. 5.85, Arm, Arm:enToStandyWait
6.12.9.4. 5.86, Ts, TestSiteS:enTestSiteTesting
6.12.9.4. 5.87, Arm, Arm:enToStandyWait
6.12.9.4. 5.88, Ts, TestSiteS:enTestSiteTesting
6.12.9.4. 5.89, Arm, Arm:enToStandyWait
6.12.9.4. 5.89, Ts, TestSiteS:enTestSiteTesting
6.12.9.4. 5.90, Arm, Arm:enToStandyWait
6.12.9.4. 5.90, Ts, TestSiteS:enTestSiteTesting
6.12.9.4. 5.91, Arm, Arm:enToStandyWait
6.12.9.4. 5.92, Ts, TestSiteS:enTestSiteTesting
6.12.9.4. 5.92, Arm, Arm:enToStandyWait
6.12.9.4. 5.93, Ts, TestSiteS:enTestSiteTesting
6.12.9.4. 5.93, Arm, Arm:enToStandyWait
6.12.9.4. 5.94, Ts, TestSiteS:enTestSiteTesting
6.12.9.4. 5.95, Arm, Arm:enToStandyWait
6.12.9.4. 5.96, Ts, TestSiteS:enTestSiteTesting
6.12.9.4. 5.97, Arm, Arm:enToStandyWait
6.12.9.4. 5.97, Ts, TestSiteS:enTestSiteTesting
6.12.9.4. 5.98, Arm, Arm:enToStandyWait
6.12.9.4. 5.99, Ts, TestSiteS:enTestSiteTesting
6.12.9.4. 5.99, Arm, Arm:enToStandyWait
6.12.9.4. 6.00, Ts, TestSiteS:enTestSiteTesting
6.12.9.4. 6.00, Arm, Arm:enToStandyWait
6.12.9.4. 6.01, Ts, TestSiteS:enTestSiteTesting
6.12.9.4. 6.01, Arm, Arm:enToStandyWait
6.12.9.4. 6.02, Ts, TestSiteS:enTestSiteTesting
6.12.9.4. 6.03, Tester, Arm:enFTTesting
6.12.9.4. 6.03, Ts, TestSiteS:enTestSiteTesting
6.12.9.4. 6.03, Arm, Arm:enToStandyWait
6.12.9.4. 6.04, Ts, TestSiteS:enTestSiteTesting
6.12.9.4. 6.04, Arm, Arm:enToStandyWait
6.12.9.4. 6.04, Tester, Arm:enFTTestEnd
6.12.9.4. 6.05, Ts, TestSiteS:enTestSiteTesting
6.12.9.4. 6.05, Arm, Arm:enToStandyWait
6.12.9.4. 6.06, Ts, TestSiteS:enTestSiteTestEnd
6.12.9.4. 6.07, Arm, Arm:enToStandyWait
6.12.9.4. 6.07, Ts, TestSiteS:enTestSiteYield
6.12.9.4. 6.08, Ts, TestSiteS:enTestSiteVaccStart
6.12.9.4. 6.08, Arm, Arm:enToStandyWait
6.12.9.4. 6.09, Ts, TestSiteS:enTestSiteVacc
6.12.9.4. 6.09, Arm, Arm:enToStandyWait
6.12.9.4. 6.10, Ts, TestSiteS:enTestSiteVaccEnd
6.12.9.4. 6.10, Arm, Arm:enToStandyWait
6.12.9.4. 6.11, Ts, TestSiteS:enTestSiteUpForPlace
6.12.9.4. 6.12, Arm, Arm:enToStandyWait
6.12.9.4. 6.63, Ts, TestSiteS:enShuttleOutput
6.12.9.4. 6.64, Arm, Arm:enToStandyWait
6.12.9.4. 6.64, Ts, TestSiteS:enTestSitePlace
6.12.9.4. 6.65, Arm, Arm:enToStandyWait
6.12.9.4. 6.65, Ts, TestSiteS:enTestSitePlaceBlow
6.12.9.4. 6.66, Ts, TestSiteS:enTestSiteUpForOut
6.12.9.4. 6.66, Arm, Arm:enToStandyWait
6.12.9.4. 7.18, Ts, TestSiteS:enShuttleHomeForOutput
6.12.9.4. 7.18, Arm, Arm:enToStandyWait
6.12.9.4. 7.19, Arm, Arm:enToShuttleOutput
6.12.9.4. 7.20, Arm, Arm:enToShuttlePick
6.12.9.4. 7.21, Arm, Arm:enToShuttlePickVaccStart
6.12.9.4. 7.22, Arm, Arm:enToShuttlePickVacc
6.12.9.4. 7.23, Arm, Arm:enToShuttlePickVaccEnd
6.12.9.4. 7.24, Arm, Arm:enToShuttleUpForOutput
6.12.9.4. 7.25, Arm, Arm:enRotatorOutCheckSetting
6.12.9.4. 7.26, Arm, Arm:enRotatorOutGotoRotator
6.12.9.4. 7.69, Ts, TestSiteS:enShuttleHome
6.12.9.4. 7.70, Ts, TestSiteS:enShuttleHomeStandy
6.12.9.4. 7.79, Arm, Arm:enRotatorOutCheckReadyForOutput
6.12.9.4. 7.80, Ts, TestSiteS:enShuttleHomeStandy
6.12.9.4. 7.80, Arm, Arm:enRotatorOutRamin
6.12.9.4. 7.81, Arm, Arm:enRotatorOutBlowDown
6.12.9.4. 7.81, Ts, TestSiteS:enShuttleHomeStandy
6.12.9.4. 7.82, Arm, Arm:enRotatorOutBlow
6.12.9.4. 7.82, Ts, TestSiteS:enShuttleHomeStandy
6.12.9.4. 7.83, Arm, Arm:enRotatorOutBlowUp
6.12.9.4. 7.83, Ts, TestSiteS:enShuttleHomeStandy
6.12.9.4. 7.84, Arm, Arm:enRotatorOutCheckJamForBlow
6.12.9.4. 7.84, Ts, TestSiteS:enShuttleHomeStandy
6.12.9.4. 8.37, Arm, Arm:enRotatorOutTurn
6.12.9.4. 8.37, Ts, TestSiteS:enShuttleHomeStandy
6.12.9.4. 8.38, Arm, Arm:enRotatorOutCheckJamForPick
6.12.9.4. 8.39, Ts, TestSiteS:enShuttleHomeStandy
6.12.9.4. 8.39, Arm, Arm:enRotatorOutPickDown
6.12.9.4. 8.40, Arm, Arm:enRotatorOutPick
6.12.9.4. 8.40, Ts, TestSiteS:enShuttleHomeStandy
6.12.9.4. 8.41, Arm, Arm:enRotatorOutPickUp
6.12.9.4. 8.41, Ts, TestSiteS:enShuttleHomeStandy
6.12.9.4. 8.42, Arm, Arm:enRotatorOutPickEnd
6.12.9.4. 8.42, Ts, TestSiteS:enShuttleHomeStandy
6.12.9.4. 8.43, Arm, 1D . 1C
6.12.9.4. 8.43, Ts, TestSiteS:enShuttleHomeStandy
6.12.9.4. 8.43, Arm, Arm:enRepeatToOutput
6.12.9.4. 8.44, Ts, TestSiteS:enShuttleHomeStandy
6.12.9.4. 8.44, Arm, Arm:enRepeatPlacIC
6.12.9.4. 8.45, Ts, TestSiteS:enShuttleHomeStandy
6.12.9.4. 8.45, Arm, Arm:enRepeatBlow
6.12.9.4. 8.46, Arm, Arm:enRepeatBlowEnd
6.12.9.4. 8.46, Ts, TestSiteS:enShuttleHomeStandy
6.12.9.4. 8.47, Arm, Arm:enRepeatOutToHome
6.12.9.4. 8.48, Ts, TestSiteS:enShuttleHomeStandy
6.12.9.4. 8.48, Arm, Arm:enRepeatOutToHomeEnd
6.12.9.4. 8.48, Arm, Tray Map 1D . 1C
6.12.9.4. 8.49, Ts, TestSiteS:enShuttleHomeStandy
6.12.9.4. 8.53, Arm, Arm:enRepeatOutToHomeEndEnd
6.12.9.4. 8.53, Ts, TestSiteS:enShuttleHomeStandy
6.12.9.4. 8.54, Arm, Arm:enToInput
6.12.9.4. 8.55, Arm, Arm:enCycleStandy
6.12.9.4. 8.55, Ts, TestSiteS:enShuttleHomeStandy
6.12.9.4. 8.56, Arm, Arm:enCycleEnd
6.12.9.4. 8.56, Ts, TestSiteS:enShuttleHomeStandy
